TimeSinceStart,UserID,Task,Dataset,Layout,QuestionLevel,TrialState,RawGazeFromPupil2D.x,RawGazeFromPupil2D.y,SMHighlighted1,SMHighlighted2,SMGazed,GazePositionAfterCalculation.x,GazePositionAfterCalculation.y,GazePositionAfterCalculation.z
8.211111,13,0,BIM,Flat,1,PreTask,0,0,Small Multiples 0,Small Multiples 0,NA,0,0,0
9.533334,13,0,BIM,Flat,1,PreTask,0,0,Small Multiples 0,Small Multiples 0,NA,0,0,0
9.533334,13,0,BIM,Flat,1,PreTask,0,0,Small Multiples 0,Small Multiples 0,NA,0,0,0
9.544445,13,0,BIM,Flat,1,PreTask,0,0,Small Multiples 0,Small Multiples 0,NA,0,0,0
9.811111,13,0,BIM,Flat,1,PreTask,0,0,Small Multiples 0,Small Multiples 0,NA,0,0,0
9.911111,13,0,BIM,Flat,1,PreTask,0,0,Small Multiples 0,Small Multiples 0,NA,0,0,0
10,13,0,BIM,Flat,1,PreTask,0,0,Small Multiples 0,Small Multiples 0,NA,0,0,0
10.07778,13,0,BIM,Flat,1,PreTask,0,0,Small Multiples 0,Small Multiples 0,NA,0,0,0
10.14444,13,0,BIM,Flat,1,PreTask,0,0,Small Multiples 0,Small Multiples 0,NA,0,0,0
10.22222,13,0,BIM,Flat,1,PreTask,0,0,Small Multiples 0,Small Multiples 0,NA,0,0,0
10.28889,13,0,BIM,Flat,1,PreTask,0,0,Small Multiples 0,Small Multiples 0,NA,0,0,0
10.36667,13,0,BIM,Flat,1,PreTask,0,0,Small Multiples 0,Small Multiples 0,NA,0,0,0
10.44444,13,0,BIM,Flat,1,PreTask,0,0,Small Multiples 0,Small Multiples 0,NA,0,0,0
10.51111,13,0,BIM,Flat,1,PreTask,0,0,Small Multiples 0,Small Multiples 0,NA,0,0,0
10.58889,13,0,BIM,Flat,1,PreTask,0,0,Small Multiples 0,Small Multiples 0,NA,0,0,0
10.67778,13,0,BIM,Flat,1,PreTask,0,0,Small Multiples 0,Small Multiples 0,NA,0,0,0
10.75556,13,0,BIM,Flat,1,PreTask,0,0,Small Multiples 0,Small Multiples 0,NA,0,0,0
10.83333,13,0,BIM,Flat,1,PreTask,0,0,Small Multiples 0,Small Multiples 0,NA,0,0,0
10.9,13,0,BIM,Flat,1,PreTask,0,0,Small Multiples 0,Small Multiples 0,NA,0,0,0
10.97778,13,0,BIM,Flat,1,PreTask,0,0,Small Multiples 0,Small Multiples 0,NA,0,0,0
11.04445,13,0,BIM,Flat,1,PreTask,0,0,Small Multiples 0,Small Multiples 0,NA,0,0,0
11.12222,13,0,BIM,Flat,1,PreTask,0,0,Small Multiples 0,Small Multiples 0,NA,0,0,0
11.18889,13,0,BIM,Flat,1,PreTask,0,0,Small Multiples 0,Small Multiples 0,NA,0,0,0
11.26667,13,0,BIM,Flat,1,PreTask,0,0,Small Multiples 0,Small Multiples 0,NA,0,0,0
11.33333,13,0,BIM,Flat,1,PreTask,0,0,Small Multiples 0,Small Multiples 0,NA,0,0,0
11.41111,13,0,BIM,Flat,1,PreTask,0,0,Small Multiples 0,Small Multiples 0,NA,0,0,0
11.47778,13,0,BIM,Flat,1,PreTask,0,0,Small Multiples 0,Small Multiples 0,NA,0,0,0
11.55556,13,0,BIM,Flat,1,PreTask,0,0,Small Multiples 0,Small Multiples 0,NA,0,0,0
11.62222,13,0,BIM,Flat,1,PreTask,0,0,Small Multiples 0,Small Multiples 0,NA,0,0,0
11.7,13,0,BIM,Flat,1,PreTask,0,0,Small Multiples 0,Small Multiples 0,NA,0,0,0
11.76667,13,0,BIM,Flat,1,PreTask,0,0,Small Multiples 0,Small Multiples 0,NA,0,0,0
11.84444,13,0,BIM,Flat,1,PreTask,0,0,Small Multiples 0,Small Multiples 0,NA,0,0,0
11.91111,13,0,BIM,Flat,1,PreTask,0,0,Small Multiples 0,Small Multiples 0,NA,0,0,0
11.98889,13,0,BIM,Flat,1,PreTask,0,0,Small Multiples 0,Small Multiples 0,NA,0,0,0
12.06667,13,0,BIM,Flat,1,PreTask,0,0,Small Multiples 0,Small Multiples 0,NA,0,0,0
12.13333,13,0,BIM,Flat,1,PreTask,0,0,Small Multiples 0,Small Multiples 0,NA,0,0,0
12.21111,13,0,BIM,Flat,1,PreTask,0,0,Small Multiples 0,Small Multiples 0,NA,0,0,0
12.27778,13,0,BIM,Flat,1,PreTask,0,0,Small Multiples 0,Small Multiples 0,NA,0,0,0
12.35556,13,0,BIM,Flat,1,PreTask,0,0,Small Multiples 0,Small Multiples 0,NA,0,0,0
12.42222,13,0,BIM,Flat,1,PreTask,0,0,Small Multiples 0,Small Multiples 0,NA,0,0,0
12.5,13,0,BIM,Flat,1,PreTask,0,0,Small Multiples 0,Small Multiples 0,NA,0,0,0
12.57778,13,0,BIM,Flat,1,PreTask,0,0,Small Multiples 0,Small Multiples 0,NA,0,0,0
12.62222,13,0,BIM,Flat,1,PreTask,0,0,Small Multiples 0,Small Multiples 0,NA,0,0,0
12.67778,13,0,BIM,Flat,1,PreTask,0,0,Small Multiples 0,Small Multiples 0,NA,0,0,0
12.73333,13,0,BIM,Flat,1,PreTask,0,0,Small Multiples 0,Small Multiples 0,NA,0,0,0
12.78889,13,0,BIM,Flat,1,PreTask,0,0,Small Multiples 0,Small Multiples 0,NA,0,0,0
12.83333,13,0,BIM,Flat,1,PreTask,0,0,Small Multiples 0,Small Multiples 0,NA,0,0,0
12.88889,13,0,BIM,Flat,1,PreTask,0,0,Small Multiples 0,Small Multiples 0,NA,0,0,0
12.94444,13,0,BIM,Flat,1,PreTask,0,0,Small Multiples 0,Small Multiples 0,NA,0,0,0
13,13,0,BIM,Flat,1,PreTask,0,0,Small Multiples 0,Small Multiples 0,NA,0,0,0
13.04445,13,0,BIM,Flat,1,PreTask,0,0,Small Multiples 0,Small Multiples 0,NA,0,0,0
13.1,13,0,BIM,Flat,1,PreTask,0,0,Small Multiples 0,Small Multiples 0,NA,0,0,0
13.15556,13,0,BIM,Flat,1,PreTask,0,0,Small Multiples 0,Small Multiples 0,NA,0,0,0
13.21111,13,0,BIM,Flat,1,PreTask,0,0,Small Multiples 0,Small Multiples 0,NA,0,0,0
13.26667,13,0,BIM,Flat,1,PreTask,0,0,Small Multiples 0,Small Multiples 0,NA,0,0,0
13.32222,13,0,BIM,Flat,1,PreTask,0,0,Small Multiples 0,Small Multiples 0,NA,0,0,0
13.37778,13,0,BIM,Flat,1,PreTask,0,0,Small Multiples 0,Small Multiples 0,NA,0,0,0
13.43333,13,0,BIM,Flat,1,PreTask,0,0,Small Multiples 0,Small Multiples 0,NA,0,0,0
13.48889,13,0,BIM,Flat,1,PreTask,0,0,Small Multiples 0,Small Multiples 0,NA,0,0,0
13.53333,13,0,BIM,Flat,1,PreTask,0,0,Small Multiples 0,Small Multiples 0,NA,0,0,0
13.58889,13,0,BIM,Flat,1,PreTask,0,0,Small Multiples 0,Small Multiples 0,NA,0,0,0
13.64444,13,0,BIM,Flat,1,PreTask,0,0,Small Multiples 0,Small Multiples 0,NA,0,0,0
13.7,13,0,BIM,Flat,1,PreTask,0,0,Small Multiples 0,Small Multiples 0,NA,0,0,0
13.75556,13,0,BIM,Flat,1,PreTask,0,0,Small Multiples 0,Small Multiples 0,NA,0,0,0
13.81111,13,0,BIM,Flat,1,PreTask,0,0,Small Multiples 0,Small Multiples 0,NA,0,0,0
13.86667,13,0,BIM,Flat,1,PreTask,0,0,Small Multiples 0,Small Multiples 0,NA,0,0,0
13.91111,13,0,BIM,Flat,1,PreTask,0,0,Small Multiples 0,Small Multiples 0,NA,0,0,0
13.96667,13,0,BIM,Flat,1,PreTask,0,0,Small Multiples 0,Small Multiples 0,NA,0,0,0
14.02222,13,0,BIM,Flat,1,PreTask,0,0,Small Multiples 0,Small Multiples 0,NA,0,0,0
14.07778,13,0,BIM,Flat,1,PreTask,0,0,Small Multiples 0,Small Multiples 0,NA,0,0,0
14.13333,13,0,BIM,Flat,1,PreTask,0,0,Small Multiples 0,Small Multiples 0,NA,0,0,0
14.18889,13,0,BIM,Flat,1,PreTask,0,0,Small Multiples 0,Small Multiples 0,NA,0,0,0
14.23333,13,0,BIM,Flat,1,PreTask,0,0,Small Multiples 0,Small Multiples 0,NA,0,0,0
14.28889,13,0,BIM,Flat,1,PreTask,0,0,Small Multiples 0,Small Multiples 0,NA,0,0,0
14.34445,13,0,BIM,Flat,1,PreTask,0,0,Small Multiples 0,Small Multiples 0,NA,0,0,0
14.4,13,0,BIM,Flat,1,PreTask,0,0,Small Multiples 0,Small Multiples 0,NA,0,0,0
14.44444,13,0,BIM,Flat,1,PreTask,0,0,Small Multiples 0,Small Multiples 0,NA,0,0,0
14.5,13,0,BIM,Flat,1,PreTask,0,0,Small Multiples 0,Small Multiples 0,NA,0,0,0
14.54445,13,0,BIM,Flat,1,PreTask,0,0,Small Multiples 0,Small Multiples 0,NA,0,0,0
14.6,13,0,BIM,Flat,1,PreTask,0,0,Small Multiples 0,Small Multiples 0,NA,0,0,0
14.65556,13,0,BIM,Flat,1,PreTask,0,0,Small Multiples 0,Small Multiples 0,NA,0,0,0
14.71111,13,0,BIM,Flat,1,PreTask,0,0,Small Multiples 0,Small Multiples 0,NA,0,0,0
14.76667,13,0,BIM,Flat,1,PreTask,0,0,Small Multiples 0,Small Multiples 0,NA,0,0,0
14.82222,13,0,BIM,Flat,1,PreTask,0,0,Small Multiples 0,Small Multiples 0,NA,0,0,0
14.86667,13,0,BIM,Flat,1,PreTask,0,0,Small Multiples 0,Small Multiples 0,NA,0,0,0
14.92222,13,0,BIM,Flat,1,PreTask,0,0,Small Multiples 0,Small Multiples 0,NA,0,0,0
14.97778,13,0,BIM,Flat,1,PreTask,0,0,Small Multiples 0,Small Multiples 0,NA,0,0,0
15.03333,13,0,BIM,Flat,1,PreTask,0,0,Small Multiples 0,Small Multiples 0,NA,0,0,0
15.07778,13,0,BIM,Flat,1,PreTask,0,0,Small Multiples 0,Small Multiples 0,NA,0,0,0
15.13333,13,0,BIM,Flat,1,PreTask,0,0,Small Multiples 0,Small Multiples 0,NA,0,0,0
15.18889,13,0,BIM,Flat,1,PreTask,0,0,Small Multiples 0,Small Multiples 0,NA,0,0,0
15.24444,13,0,BIM,Flat,1,PreTask,0,0,Small Multiples 0,Small Multiples 0,NA,0,0,0
15.3,13,0,BIM,Flat,1,PreTask,0,0,Small Multiples 0,Small Multiples 0,NA,0,0,0
15.35556,13,0,BIM,Flat,1,PreTask,0,0,Small Multiples 0,Small Multiples 0,NA,0,0,0
15.41111,13,0,BIM,Flat,1,PreTask,0,0,Small Multiples 0,Small Multiples 0,NA,0,0,0
15.46667,13,0,BIM,Flat,1,PreTask,0,0,Small Multiples 0,Small Multiples 0,NA,0,0,0
15.51111,13,0,BIM,Flat,1,PreTask,0,0,Small Multiples 0,Small Multiples 0,NA,0,0,0
15.56667,13,0,BIM,Flat,1,PreTask,0,0,Small Multiples 0,Small Multiples 0,NA,0,0,0
15.62222,13,0,BIM,Flat,1,PreTask,0,0,Small Multiples 0,Small Multiples 0,NA,0,0,0
15.67778,13,0,BIM,Flat,1,PreTask,0,0,Small Multiples 0,Small Multiples 0,NA,0,0,0
15.72222,13,0,BIM,Flat,1,PreTask,0,0,Small Multiples 0,Small Multiples 0,NA,0,0,0
15.77778,13,0,BIM,Flat,1,PreTask,0,0,Small Multiples 0,Small Multiples 0,NA,0,0,0
15.84445,13,0,BIM,Flat,1,PreTask,0,0,Small Multiples 0,Small Multiples 0,NA,0,0,0
15.9,13,0,BIM,Flat,1,PreTask,0,0,Small Multiples 0,Small Multiples 0,NA,0,0,0
15.94444,13,0,BIM,Flat,1,PreTask,0,0,Small Multiples 0,Small Multiples 0,NA,0,0,0
16,13,0,BIM,Flat,1,PreTask,0,0,Small Multiples 0,Small Multiples 0,NA,0,0,0
16.05556,13,0,BIM,Flat,1,PreTask,0,0,Small Multiples 0,Small Multiples 0,NA,0,0,0
16.11111,13,0,BIM,Flat,1,PreTask,0,0,Small Multiples 0,Small Multiples 0,NA,0,0,0
16.16667,13,0,BIM,Flat,1,PreTask,0,0,Small Multiples 0,Small Multiples 0,NA,0,0,0
16.21111,13,0,BIM,Flat,1,PreTask,0,0,Small Multiples 0,Small Multiples 0,NA,0,0,0
16.26667,13,0,BIM,Flat,1,PreTask,0,0,Small Multiples 0,Small Multiples 0,NA,0,0,0
16.32222,13,0,BIM,Flat,1,PreTask,0,0,Small Multiples 0,Small Multiples 0,NA,0,0,0
16.37778,13,0,BIM,Flat,1,PreTask,0,0,Small Multiples 0,Small Multiples 0,NA,0,0,0
16.42222,13,0,BIM,Flat,1,PreTask,0,0,Small Multiples 0,Small Multiples 0,NA,0,0,0
16.47778,13,0,BIM,Flat,1,PreTask,0,0,Small Multiples 0,Small Multiples 0,NA,0,0,0
16.53333,13,0,BIM,Flat,1,PreTask,0,0,Small Multiples 0,Small Multiples 0,NA,0,0,0
16.58889,13,0,BIM,Flat,1,PreTask,0,0,Small Multiples 0,Small Multiples 0,NA,0,0,0
16.63333,13,0,BIM,Flat,1,PreTask,0,0,Small Multiples 0,Small Multiples 0,NA,0,0,0
16.68889,13,0,BIM,Flat,1,PreTask,0,0,Small Multiples 0,Small Multiples 0,NA,0,0,0
16.74445,13,0,BIM,Flat,1,PreTask,0,0,Small Multiples 0,Small Multiples 0,NA,0,0,0
16.8,13,0,BIM,Flat,1,PreTask,0,0,Small Multiples 0,Small Multiples 0,NA,0,0,0
16.85556,13,0,BIM,Flat,1,PreTask,0,0,Small Multiples 0,Small Multiples 0,NA,0,0,0
16.91111,13,0,BIM,Flat,1,PreTask,0,0,Small Multiples 0,Small Multiples 0,NA,0,0,0
16.96667,13,0,BIM,Flat,1,PreTask,0,0,Small Multiples 0,Small Multiples 0,NA,0,0,0
17.02222,13,0,BIM,Flat,1,PreTask,0,0,Small Multiples 0,Small Multiples 0,NA,0,0,0
17.07778,13,0,BIM,Flat,1,PreTask,0,0,Small Multiples 0,Small Multiples 0,NA,0,0,0
17.13333,13,0,BIM,Flat,1,PreTask,0,0,Small Multiples 0,Small Multiples 0,NA,0,0,0
17.17778,13,0,BIM,Flat,1,PreTask,0,0,Small Multiples 0,Small Multiples 0,NA,0,0,0
17.23333,13,0,BIM,Flat,1,PreTask,0,0,Small Multiples 0,Small Multiples 0,NA,0,0,0
17.28889,13,0,BIM,Flat,1,PreTask,0,0,Small Multiples 0,Small Multiples 0,NA,0,0,0
17.34444,13,0,BIM,Flat,1,PreTask,0,0,Small Multiples 0,Small Multiples 0,NA,0,0,0
17.4,13,0,BIM,Flat,1,PreTask,0,0,Small Multiples 0,Small Multiples 0,NA,0,0,0
17.44444,13,0,BIM,Flat,1,PreTask,0,0,Small Multiples 0,Small Multiples 0,NA,0,0,0
17.5,13,0,BIM,Flat,1,PreTask,0,0,Small Multiples 0,Small Multiples 0,NA,0,0,0
17.55556,13,0,BIM,Flat,1,PreTask,0,0,Small Multiples 0,Small Multiples 0,NA,0,0,0
17.61111,13,0,BIM,Flat,1,PreTask,0,0,Small Multiples 0,Small Multiples 0,NA,0,0,0
17.66667,13,0,BIM,Flat,1,PreTask,0,0,Small Multiples 0,Small Multiples 0,NA,0,0,0
17.72222,13,0,BIM,Flat,1,PreTask,0,0,Small Multiples 0,Small Multiples 0,NA,0,0,0
17.77778,13,0,BIM,Flat,1,PreTask,0,0,Small Multiples 0,Small Multiples 0,NA,0,0,0
17.83333,13,0,BIM,Flat,1,PreTask,0,0,Small Multiples 0,Small Multiples 0,NA,0,0,0
17.87778,13,0,BIM,Flat,1,PreTask,0,0,Small Multiples 0,Small Multiples 0,NA,0,0,0
17.93333,13,0,BIM,Flat,1,PreTask,0,0,Small Multiples 0,Small Multiples 0,NA,0,0,0
17.98889,13,0,BIM,Flat,1,PreTask,0,0,Small Multiples 0,Small Multiples 0,NA,0,0,0
18.04445,13,0,BIM,Flat,1,PreTask,0,0,Small Multiples 0,Small Multiples 0,NA,0,0,0
18.1,13,0,BIM,Flat,1,PreTask,0,0,Small Multiples 0,Small Multiples 0,NA,0,0,0
18.15556,13,0,BIM,Flat,1,PreTask,0,0,Small Multiples 0,Small Multiples 0,NA,0,0,0
18.21111,13,0,BIM,Flat,1,PreTask,0,0,Small Multiples 0,Small Multiples 0,NA,0,0,0
18.26667,13,0,BIM,Flat,1,PreTask,0,0,Small Multiples 0,Small Multiples 0,NA,0,0,0
18.31111,13,0,BIM,Flat,1,PreTask,0,0,Small Multiples 0,Small Multiples 0,NA,0,0,0
18.36667,13,0,BIM,Flat,1,PreTask,0,0,Small Multiples 0,Small Multiples 0,NA,0,0,0
18.42222,13,0,BIM,Flat,1,PreTask,0,0,Small Multiples 0,Small Multiples 0,NA,0,0,0
18.47778,13,0,BIM,Flat,1,PreTask,0,0,Small Multiples 0,Small Multiples 0,NA,0,0,0
18.53333,13,0,BIM,Flat,1,PreTask,0,0,Small Multiples 0,Small Multiples 0,NA,0,0,0
18.57778,13,0,BIM,Flat,1,PreTask,0,0,Small Multiples 0,Small Multiples 0,NA,0,0,0
18.64445,13,0,BIM,Flat,1,PreTask,0,0,Small Multiples 0,Small Multiples 0,NA,0,0,0
18.68889,13,0,BIM,Flat,1,PreTask,0,0,Small Multiples 0,Small Multiples 0,NA,0,0,0
18.74445,13,0,BIM,Flat,1,PreTask,0,0,Small Multiples 0,Small Multiples 0,NA,0,0,0
18.8,13,0,BIM,Flat,1,PreTask,0,0,Small Multiples 0,Small Multiples 0,NA,0,0,0
18.85556,13,0,BIM,Flat,1,PreTask,0,0,Small Multiples 0,Small Multiples 0,NA,0,0,0
18.91111,13,0,BIM,Flat,1,PreTask,0,0,Small Multiples 0,Small Multiples 0,NA,0,0,0
18.96667,13,0,BIM,Flat,1,PreTask,0,0,Small Multiples 0,Small Multiples 0,NA,0,0,0
19.01111,13,0,BIM,Flat,1,PreTask,0,0,Small Multiples 0,Small Multiples 0,NA,0,0,0
19.06667,13,0,BIM,Flat,1,PreTask,0,0,Small Multiples 0,Small Multiples 0,NA,0,0,0
19.12222,13,0,BIM,Flat,1,PreTask,0,0,Small Multiples 0,Small Multiples 0,NA,0,0,0
19.17778,13,0,BIM,Flat,1,PreTask,0,0,Small Multiples 0,Small Multiples 0,NA,0,0,0
19.23333,13,0,BIM,Flat,1,PreTask,0,0,Small Multiples 0,Small Multiples 0,NA,0,0,0
19.27778,13,0,BIM,Flat,1,PreTask,0,0,Small Multiples 0,Small Multiples 0,NA,0,0,0
19.34444,13,0,BIM,Flat,1,PreTask,0,0,Small Multiples 0,Small Multiples 0,NA,0,0,0
19.4,13,0,BIM,Flat,1,PreTask,0,0,Small Multiples 0,Small Multiples 0,NA,0,0,0
19.44444,13,0,BIM,Flat,1,PreTask,0,0,Small Multiples 0,Small Multiples 0,NA,0,0,0
19.51111,13,0,BIM,Flat,1,PreTask,0,0,Small Multiples 0,Small Multiples 0,NA,0,0,0
19.56667,13,0,BIM,Flat,1,PreTask,0,0,Small Multiples 0,Small Multiples 0,NA,0,0,0
19.61111,13,0,BIM,Flat,1,PreTask,0,0,Small Multiples 0,Small Multiples 0,NA,0,0,0
19.66667,13,0,BIM,Flat,1,PreTask,0,0,Small Multiples 0,Small Multiples 0,NA,0,0,0
19.72222,13,0,BIM,Flat,1,PreTask,0,0,Small Multiples 0,Small Multiples 0,NA,0,0,0
19.77778,13,0,BIM,Flat,1,PreTask,0,0,Small Multiples 0,Small Multiples 0,NA,0,0,0
19.83333,13,0,BIM,Flat,1,PreTask,0,0,Small Multiples 0,Small Multiples 0,NA,0,0,0
19.87778,13,0,BIM,Flat,1,PreTask,0,0,Small Multiples 0,Small Multiples 0,NA,0,0,0
19.93333,13,0,BIM,Flat,1,PreTask,0,0,Small Multiples 0,Small Multiples 0,NA,0,0,0
19.98889,13,0,BIM,Flat,1,PreTask,0,0,Small Multiples 0,Small Multiples 0,NA,0,0,0
20.04445,13,0,BIM,Flat,1,PreTask,0,0,Small Multiples 0,Small Multiples 0,NA,0,0,0
20.1,13,0,BIM,Flat,1,PreTask,0,0,Small Multiples 0,Small Multiples 0,NA,0,0,0
20.14445,13,0,BIM,Flat,1,PreTask,0,0,Small Multiples 0,Small Multiples 0,NA,0,0,0
20.21111,13,0,BIM,Flat,1,PreTask,0,0,Small Multiples 0,Small Multiples 0,NA,0,0,0
20.25556,13,0,BIM,Flat,1,PreTask,0,0,Small Multiples 0,Small Multiples 0,NA,0,0,0
20.31111,13,0,BIM,Flat,1,PreTask,0,0,Small Multiples 0,Small Multiples 0,NA,0,0,0
20.36667,13,0,BIM,Flat,1,PreTask,0,0,Small Multiples 0,Small Multiples 0,NA,0,0,0
20.42222,13,0,BIM,Flat,1,PreTask,0,0,Small Multiples 0,Small Multiples 0,NA,0,0,0
20.47778,13,0,BIM,Flat,1,PreTask,0,0,Small Multiples 0,Small Multiples 0,NA,0,0,0
20.52222,13,0,BIM,Flat,1,PreTask,0,0,Small Multiples 0,Small Multiples 0,NA,0,0,0
20.57778,13,0,BIM,Flat,1,PreTask,0,0,Small Multiples 0,Small Multiples 0,NA,0,0,0
20.64445,13,0,BIM,Flat,1,PreTask,0,0,Small Multiples 0,Small Multiples 0,NA,0,0,0
20.7,13,0,BIM,Flat,1,PreTask,0,0,Small Multiples 0,Small Multiples 0,NA,0,0,0
20.74445,13,0,BIM,Flat,1,PreTask,0,0,Small Multiples 0,Small Multiples 0,NA,0,0,0
20.81111,13,0,BIM,Flat,1,PreTask,0,0,Small Multiples 0,Small Multiples 0,NA,0,0,0
20.85556,13,0,BIM,Flat,1,PreTask,0,0,Small Multiples 0,Small Multiples 0,NA,0,0,0
20.91111,13,0,BIM,Flat,1,PreTask,0,0,Small Multiples 0,Small Multiples 0,NA,0,0,0
20.96667,13,0,BIM,Flat,1,PreTask,0,0,Small Multiples 0,Small Multiples 0,NA,0,0,0
21.02222,13,0,BIM,Flat,1,PreTask,0,0,Small Multiples 0,Small Multiples 0,NA,0,0,0
21.07778,13,0,BIM,Flat,1,PreTask,0,0,Small Multiples 0,Small Multiples 0,NA,0,0,0
21.12222,13,0,BIM,Flat,1,PreTask,0,0,Small Multiples 0,Small Multiples 0,NA,0,0,0
21.17778,13,0,BIM,Flat,1,PreTask,0,0,Small Multiples 0,Small Multiples 0,NA,0,0,0
21.23333,13,0,BIM,Flat,1,PreTask,0,0,Small Multiples 0,Small Multiples 0,NA,0,0,0
21.28889,13,0,BIM,Flat,1,PreTask,0,0,Small Multiples 0,Small Multiples 0,NA,0,0,0
21.34444,13,0,BIM,Flat,1,PreTask,0,0,Small Multiples 0,Small Multiples 0,NA,0,0,0
21.38889,13,0,BIM,Flat,1,PreTask,0,0,Small Multiples 0,Small Multiples 0,NA,0,0,0
21.44444,13,0,BIM,Flat,1,PreTask,0,0,Small Multiples 0,Small Multiples 0,NA,0,0,0
21.51111,13,0,BIM,Flat,1,PreTask,0,0,Small Multiples 0,Small Multiples 0,NA,0,0,0
21.55556,13,0,BIM,Flat,1,PreTask,0,0,Small Multiples 0,Small Multiples 0,NA,0,0,0
21.61111,13,0,BIM,Flat,1,PreTask,0,0,Small Multiples 0,Small Multiples 0,NA,0,0,0
21.66667,13,0,BIM,Flat,1,PreTask,0,0,Small Multiples 0,Small Multiples 0,NA,0,0,0
21.72222,13,0,BIM,Flat,1,PreTask,0,0,Small Multiples 0,Small Multiples 0,NA,0,0,0
21.77778,13,0,BIM,Flat,1,PreTask,0,0,Small Multiples 0,Small Multiples 0,NA,0,0,0
21.82222,13,0,BIM,Flat,1,PreTask,0,0,Small Multiples 0,Small Multiples 0,NA,0,0,0
21.87778,13,0,BIM,Flat,1,PreTask,0,0,Small Multiples 0,Small Multiples 0,NA,0,0,0
21.94444,13,0,BIM,Flat,1,PreTask,0,0,Small Multiples 0,Small Multiples 0,NA,0,0,0
21.98889,13,0,BIM,Flat,1,PreTask,0,0,Small Multiples 0,Small Multiples 0,NA,0,0,0
22.04445,13,0,BIM,Flat,1,PreTask,0,0,Small Multiples 0,Small Multiples 0,NA,0,0,0
22.1,13,0,BIM,Flat,1,PreTask,0,0,Small Multiples 0,Small Multiples 0,NA,0,0,0
22.15556,13,0,BIM,Flat,1,PreTask,0,0,Small Multiples 0,Small Multiples 0,NA,0,0,0
22.21111,13,0,BIM,Flat,1,PreTask,0,0,Small Multiples 0,Small Multiples 0,NA,0,0,0
22.26667,13,0,BIM,Flat,1,PreTask,0,0,Small Multiples 0,Small Multiples 0,NA,0,0,0
22.31111,13,0,BIM,Flat,1,PreTask,0,0,Small Multiples 0,Small Multiples 0,NA,0,0,0
22.37778,13,0,BIM,Flat,1,PreTask,0,0,Small Multiples 0,Small Multiples 0,NA,0,0,0
22.42222,13,0,BIM,Flat,1,PreTask,0,0,Small Multiples 0,Small Multiples 0,NA,0,0,0
22.47778,13,0,BIM,Flat,1,PreTask,0,0,Small Multiples 0,Small Multiples 0,NA,0,0,0
22.53333,13,0,BIM,Flat,1,PreTask,0,0,Small Multiples 0,Small Multiples 0,NA,0,0,0
22.58889,13,0,BIM,Flat,1,PreTask,0,0,Small Multiples 0,Small Multiples 0,NA,0,0,0
22.64445,13,0,BIM,Flat,1,PreTask,0,0,Small Multiples 0,Small Multiples 0,NA,0,0,0
22.68889,13,0,BIM,Flat,1,PreTask,0,0,Small Multiples 0,Small Multiples 0,NA,0,0,0
22.74445,13,0,BIM,Flat,1,PreTask,0,0,Small Multiples 0,Small Multiples 0,NA,0,0,0
22.81111,13,0,BIM,Flat,1,PreTask,0,0,Small Multiples 0,Small Multiples 0,NA,0,0,0
22.85556,13,0,BIM,Flat,1,PreTask,0,0,Small Multiples 0,Small Multiples 0,NA,0,0,0
22.91111,13,0,BIM,Flat,1,PreTask,0,0,Small Multiples 0,Small Multiples 0,NA,0,0,0
22.97778,13,0,BIM,Flat,1,PreTask,0,0,Small Multiples 0,Small Multiples 0,NA,0,0,0
23.02222,13,0,BIM,Flat,1,PreTask,0,0,Small Multiples 0,Small Multiples 0,NA,0,0,0
23.07778,13,0,BIM,Flat,1,PreTask,0,0,Small Multiples 0,Small Multiples 0,NA,0,0,0
23.13333,13,0,BIM,Flat,1,PreTask,0,0,Small Multiples 0,Small Multiples 0,NA,0,0,0
23.18889,13,0,BIM,Flat,1,PreTask,0,0,Small Multiples 0,Small Multiples 0,NA,0,0,0
23.24445,13,0,BIM,Flat,1,PreTask,0,0,Small Multiples 0,Small Multiples 0,NA,0,0,0
23.28889,13,0,BIM,Flat,1,PreTask,0,0,Small Multiples 0,Small Multiples 0,NA,0,0,0
23.34444,13,0,BIM,Flat,1,PreTask,0,0,Small Multiples 0,Small Multiples 0,NA,0,0,0
23.4,13,0,BIM,Flat,1,PreTask,0,0,Small Multiples 0,Small Multiples 0,NA,0,0,0
23.45556,13,0,BIM,Flat,1,PreTask,0,0,Small Multiples 0,Small Multiples 0,NA,0,0,0
23.51111,13,0,BIM,Flat,1,PreTask,0,0,Small Multiples 0,Small Multiples 0,NA,0,0,0
23.56667,13,0,BIM,Flat,1,PreTask,0,0,Small Multiples 0,Small Multiples 0,NA,0,0,0
23.61111,13,0,BIM,Flat,1,PreTask,0,0,Small Multiples 0,Small Multiples 0,NA,0,0,0
23.66667,13,0,BIM,Flat,1,PreTask,0,0,Small Multiples 0,Small Multiples 0,NA,0,0,0
23.72222,13,0,BIM,Flat,1,PreTask,0,0,Small Multiples 0,Small Multiples 0,NA,0,0,0
23.77778,13,0,BIM,Flat,1,PreTask,0,0,Small Multiples 0,Small Multiples 0,NA,0,0,0
23.83333,13,0,BIM,Flat,1,PreTask,0,0,Small Multiples 0,Small Multiples 0,NA,0,0,0
23.88889,13,0,BIM,Flat,1,PreTask,0,0,Small Multiples 0,Small Multiples 0,NA,0,0,0
23.94444,13,0,BIM,Flat,1,PreTask,0,0,Small Multiples 0,Small Multiples 0,NA,0,0,0
23.98889,13,0,BIM,Flat,1,PreTask,0,0,Small Multiples 0,Small Multiples 0,NA,0,0,0
24.04445,13,0,BIM,Flat,1,PreTask,0,0,Small Multiples 0,Small Multiples 0,NA,0,0,0
24.1,13,0,BIM,Flat,1,PreTask,0,0,Small Multiples 0,Small Multiples 0,NA,0,0,0
24.15556,13,0,BIM,Flat,1,PreTask,0,0,Small Multiples 0,Small Multiples 0,NA,0,0,0
24.21111,13,0,BIM,Flat,1,PreTask,0,0,Small Multiples 0,Small Multiples 0,NA,0,0,0
24.26667,13,0,BIM,Flat,1,PreTask,0,0,Small Multiples 0,Small Multiples 0,NA,0,0,0
24.32222,13,0,BIM,Flat,1,PreTask,0,0,Small Multiples 0,Small Multiples 0,NA,0,0,0
24.37778,13,0,BIM,Flat,1,PreTask,0,0,Small Multiples 0,Small Multiples 0,NA,0,0,0
24.42222,13,0,BIM,Flat,1,PreTask,0,0,Small Multiples 0,Small Multiples 0,NA,0,0,0
24.47778,13,0,BIM,Flat,1,PreTask,0,0,Small Multiples 0,Small Multiples 0,NA,0,0,0
24.53333,13,0,BIM,Flat,1,PreTask,0,0,Small Multiples 0,Small Multiples 0,NA,0,0,0
24.57778,13,0,BIM,Flat,1,PreTask,0,0,Small Multiples 0,Small Multiples 0,NA,0,0,0
24.64445,13,0,BIM,Flat,1,PreTask,0,0,Small Multiples 0,Small Multiples 0,NA,0,0,0
24.68889,13,0,BIM,Flat,1,PreTask,0,0,Small Multiples 0,Small Multiples 0,NA,0,0,0
24.74445,13,0,BIM,Flat,1,PreTask,0,0,Small Multiples 0,Small Multiples 0,NA,0,0,0
24.8,13,0,BIM,Flat,1,PreTask,0,0,Small Multiples 0,Small Multiples 0,NA,0,0,0
24.85556,13,0,BIM,Flat,1,PreTask,0,0,Small Multiples 0,Small Multiples 0,NA,0,0,0
24.9,13,0,BIM,Flat,1,PreTask,0,0,Small Multiples 0,Small Multiples 0,NA,0,0,0
24.95556,13,0,BIM,Flat,1,PreTask,0,0,Small Multiples 0,Small Multiples 0,NA,0,0,0
25.01111,13,0,BIM,Flat,1,PreTask,0,0,Small Multiples 0,Small Multiples 0,NA,0,0,0
25.07778,13,0,BIM,Flat,1,PreTask,0,0,Small Multiples 0,Small Multiples 0,NA,0,0,0
25.12222,13,0,BIM,Flat,1,PreTask,0,0,Small Multiples 0,Small Multiples 0,NA,0,0,0
25.17778,13,0,BIM,Flat,1,PreTask,0,0,Small Multiples 0,Small Multiples 0,NA,0,0,0
25.23333,13,0,BIM,Flat,1,PreTask,0,0,Small Multiples 0,Small Multiples 0,NA,0,0,0
25.27778,13,0,BIM,Flat,1,PreTask,0,0,Small Multiples 0,Small Multiples 0,NA,0,0,0
25.34444,13,0,BIM,Flat,1,PreTask,0,0,Small Multiples 0,Small Multiples 0,NA,0,0,0
25.38889,13,0,BIM,Flat,1,PreTask,0,0,Small Multiples 0,Small Multiples 0,NA,0,0,0
25.44444,13,0,BIM,Flat,1,PreTask,0,0,Small Multiples 0,Small Multiples 0,NA,0,0,0
25.51111,13,0,BIM,Flat,1,PreTask,0,0,Small Multiples 0,Small Multiples 0,NA,0,0,0
25.56667,13,0,BIM,Flat,1,PreTask,0,0,Small Multiples 0,Small Multiples 0,NA,0,0,0
25.61111,13,0,BIM,Flat,1,PreTask,0,0,Small Multiples 0,Small Multiples 0,NA,0,0,0
25.66667,13,0,BIM,Flat,1,PreTask,0,0,Small Multiples 0,Small Multiples 0,NA,0,0,0
25.72222,13,0,BIM,Flat,1,PreTask,0,0,Small Multiples 0,Small Multiples 0,NA,0,0,0
25.77778,13,0,BIM,Flat,1,PreTask,0,0,Small Multiples 0,Small Multiples 0,NA,0,0,0
25.83333,13,0,BIM,Flat,1,PreTask,0,0,Small Multiples 0,Small Multiples 0,NA,0,0,0
25.88889,13,0,BIM,Flat,1,PreTask,0,0,Small Multiples 0,Small Multiples 0,NA,0,0,0
25.93333,13,0,BIM,Flat,1,PreTask,0,0,Small Multiples 0,Small Multiples 0,NA,0,0,0
25.98889,13,0,BIM,Flat,1,PreTask,0,0,Small Multiples 0,Small Multiples 0,NA,0,0,0
26.04445,13,0,BIM,Flat,1,PreTask,0,0,Small Multiples 0,Small Multiples 0,NA,0,0,0
26.1,13,0,BIM,Flat,1,PreTask,0,0,Small Multiples 0,Small Multiples 0,NA,0,0,0
26.15556,13,0,BIM,Flat,1,PreTask,0,0,Small Multiples 0,Small Multiples 0,NA,0,0,0
26.21111,13,0,BIM,Flat,1,PreTask,0,0,Small Multiples 0,Small Multiples 0,NA,0,0,0
26.25556,13,0,BIM,Flat,1,PreTask,0,0,Small Multiples 0,Small Multiples 0,NA,0,0,0
26.31111,13,0,BIM,Flat,1,PreTask,0,0,Small Multiples 0,Small Multiples 0,NA,0,0,0
26.36667,13,0,BIM,Flat,1,PreTask,0,0,Small Multiples 0,Small Multiples 0,NA,0,0,0
26.42222,13,0,BIM,Flat,1,PreTask,0,0,Small Multiples 0,Small Multiples 0,NA,0,0,0
26.46667,13,0,BIM,Flat,1,PreTask,0,0,Small Multiples 0,Small Multiples 0,NA,0,0,0
26.52222,13,0,BIM,Flat,1,PreTask,0,0,Small Multiples 0,Small Multiples 0,NA,0,0,0
26.57778,13,0,BIM,Flat,1,PreTask,0,0,Small Multiples 0,Small Multiples 0,NA,0,0,0
26.63333,13,0,BIM,Flat,1,PreTask,0,0,Small Multiples 0,Small Multiples 0,NA,0,0,0
26.68889,13,0,BIM,Flat,1,PreTask,0,0,Small Multiples 0,Small Multiples 0,NA,0,0,0
26.8,13,0,BIM,Flat,1,PreTask,0,0,Small Multiples 0,Small Multiples 0,NA,0,0,0
26.86667,13,0,BIM,Flat,1,PreTask,0,0,Small Multiples 0,Small Multiples 0,NA,0,0,0
26.93333,13,0,BIM,Flat,1,PreTask,0,0,Small Multiples 0,Small Multiples 0,NA,0,0,0
26.98889,13,0,BIM,Flat,1,PreTask,0,0,Small Multiples 0,Small Multiples 0,NA,0,0,0
27.04445,13,0,BIM,Flat,1,PreTask,0,0,Small Multiples 0,Small Multiples 0,NA,0,0,0
27.1,13,0,BIM,Flat,1,PreTask,0,0,Small Multiples 0,Small Multiples 0,NA,0,0,0
27.15556,13,0,BIM,Flat,1,PreTask,0,0,Small Multiples 0,Small Multiples 0,NA,0,0,0
27.21111,13,0,BIM,Flat,1,PreTask,0,0,Small Multiples 0,Small Multiples 0,NA,0,0,0
27.25556,13,0,BIM,Flat,1,PreTask,0,0,Small Multiples 0,Small Multiples 0,NA,0,0,0
27.31111,13,0,BIM,Flat,1,PreTask,0,0,Small Multiples 0,Small Multiples 0,NA,0,0,0
27.36667,13,0,BIM,Flat,1,PreTask,0,0,Small Multiples 0,Small Multiples 0,NA,0,0,0
27.41111,13,0,BIM,Flat,1,PreTask,0,0,Small Multiples 0,Small Multiples 0,NA,0,0,0
27.46667,13,0,BIM,Flat,1,PreTask,0,0,Small Multiples 0,Small Multiples 0,NA,0,0,0
27.52222,13,0,BIM,Flat,1,PreTask,0,0,Small Multiples 0,Small Multiples 0,NA,0,0,0
27.56667,13,0,BIM,Flat,1,PreTask,0,0,Small Multiples 0,Small Multiples 0,NA,0,0,0
27.62222,13,0,BIM,Flat,1,PreTask,0,0,Small Multiples 0,Small Multiples 0,NA,0,0,0
27.67778,13,0,BIM,Flat,1,PreTask,0,0,Small Multiples 0,Small Multiples 0,NA,0,0,0
27.73333,13,0,BIM,Flat,1,PreTask,0,0,Small Multiples 0,Small Multiples 0,NA,0,0,0
27.78889,13,0,BIM,Flat,1,PreTask,0,0,Small Multiples 0,Small Multiples 0,NA,0,0,0
27.83333,13,0,BIM,Flat,1,PreTask,0,0,Small Multiples 0,Small Multiples 0,NA,0,0,0
27.88889,13,0,BIM,Flat,1,PreTask,0,0,Small Multiples 0,Small Multiples 0,NA,0,0,0
27.94444,13,0,BIM,Flat,1,PreTask,0,0,Small Multiples 0,Small Multiples 0,NA,0,0,0
27.98889,13,0,BIM,Flat,1,PreTask,0,0,Small Multiples 0,Small Multiples 0,NA,0,0,0
28.04445,13,0,BIM,Flat,1,PreTask,0,0,Small Multiples 0,Small Multiples 0,NA,0,0,0
28.1,13,0,BIM,Flat,1,PreTask,0,0,Small Multiples 0,Small Multiples 0,NA,0,0,0
28.15556,13,0,BIM,Flat,1,PreTask,0,0,Small Multiples 0,Small Multiples 0,NA,0,0,0
28.2,13,0,BIM,Flat,1,PreTask,0,0,Small Multiples 0,Small Multiples 0,NA,0,0,0
28.25556,13,0,BIM,Flat,1,PreTask,0,0,Small Multiples 0,Small Multiples 0,NA,0,0,0
28.31111,13,0,BIM,Flat,1,PreTask,0,0,Small Multiples 0,Small Multiples 0,NA,0,0,0
28.36667,13,0,BIM,Flat,1,PreTask,0,0,Small Multiples 0,Small Multiples 0,NA,0,0,0
28.41111,13,0,BIM,Flat,1,PreTask,0,0,Small Multiples 0,Small Multiples 0,NA,0,0,0
28.46667,13,0,BIM,Flat,1,PreTask,0,0,Small Multiples 0,Small Multiples 0,NA,0,0,0
28.52222,13,0,BIM,Flat,1,PreTask,0,0,Small Multiples 0,Small Multiples 0,NA,0,0,0
28.57778,13,0,BIM,Flat,1,PreTask,0,0,Small Multiples 0,Small Multiples 0,NA,0,0,0
28.63333,13,0,BIM,Flat,1,PreTask,0,0,Small Multiples 0,Small Multiples 0,NA,0,0,0
28.68889,13,0,BIM,Flat,1,PreTask,0,0,Small Multiples 0,Small Multiples 0,NA,0,0,0
28.73333,13,0,BIM,Flat,1,PreTask,0,0,Small Multiples 0,Small Multiples 0,NA,0,0,0
28.78889,13,0,BIM,Flat,1,PreTask,0,0,Small Multiples 0,Small Multiples 0,NA,0,0,0
28.84444,13,0,BIM,Flat,1,PreTask,0,0,Small Multiples 0,Small Multiples 0,NA,0,0,0
28.9,13,0,BIM,Flat,1,PreTask,0,0,Small Multiples 0,Small Multiples 0,NA,0,0,0
28.95556,13,0,BIM,Flat,1,PreTask,0,0,Small Multiples 0,Small Multiples 0,NA,0,0,0
29.01111,13,0,BIM,Flat,1,PreTask,0,0,Small Multiples 0,Small Multiples 0,NA,0,0,0
29.06667,13,0,BIM,Flat,1,PreTask,0,0,Small Multiples 0,Small Multiples 0,NA,0,0,0
29.12222,13,0,BIM,Flat,1,PreTask,0,0,Small Multiples 0,Small Multiples 0,NA,0,0,0
29.16667,13,0,BIM,Flat,1,PreTask,0,0,Small Multiples 0,Small Multiples 0,NA,0,0,0
29.22222,13,0,BIM,Flat,1,PreTask,0,0,Small Multiples 0,Small Multiples 0,NA,0,0,0
29.27778,13,0,BIM,Flat,1,PreTask,0,0,Small Multiples 0,Small Multiples 0,NA,0,0,0
29.33333,13,0,BIM,Flat,1,PreTask,0,0,Small Multiples 0,Small Multiples 0,NA,0,0,0
29.38889,13,0,BIM,Flat,1,PreTask,0,0,Small Multiples 0,Small Multiples 0,NA,0,0,0
29.43333,13,0,BIM,Flat,1,PreTask,0,0,Small Multiples 0,Small Multiples 0,NA,0,0,0
29.48889,13,0,BIM,Flat,1,PreTask,0,0,Small Multiples 0,Small Multiples 0,NA,0,0,0
29.54445,13,0,BIM,Flat,1,PreTask,0,0,Small Multiples 0,Small Multiples 0,NA,0,0,0
29.6,13,0,BIM,Flat,1,PreTask,0,0,Small Multiples 0,Small Multiples 0,NA,0,0,0
29.64445,13,0,BIM,Flat,1,PreTask,0,0,Small Multiples 0,Small Multiples 0,NA,0,0,0
29.7,13,0,BIM,Flat,1,PreTask,0,0,Small Multiples 0,Small Multiples 0,NA,0,0,0
29.75556,13,0,BIM,Flat,1,PreTask,0,0,Small Multiples 0,Small Multiples 0,NA,0,0,0
29.81111,13,0,BIM,Flat,1,PreTask,0,0,Small Multiples 0,Small Multiples 0,NA,0,0,0
29.86667,13,0,BIM,Flat,1,PreTask,0,0,Small Multiples 0,Small Multiples 0,NA,0,0,0
29.92222,13,0,BIM,Flat,1,PreTask,0,0,Small Multiples 0,Small Multiples 0,NA,0,0,0
29.96667,13,0,BIM,Flat,1,PreTask,0,0,Small Multiples 0,Small Multiples 0,NA,0,0,0
30.02222,13,0,BIM,Flat,1,PreTask,0,0,Small Multiples 0,Small Multiples 0,NA,0,0,0
30.07778,13,0,BIM,Flat,1,PreTask,0,0,Small Multiples 0,Small Multiples 0,NA,0,0,0
30.13333,13,0,BIM,Flat,1,PreTask,0,0,Small Multiples 0,Small Multiples 0,NA,0,0,0
30.18889,13,0,BIM,Flat,1,PreTask,0,0,Small Multiples 0,Small Multiples 0,NA,0,0,0
30.23333,13,0,BIM,Flat,1,PreTask,0,0,Small Multiples 0,Small Multiples 0,NA,0,0,0
30.28889,13,0,BIM,Flat,1,PreTask,0,0,Small Multiples 0,Small Multiples 0,NA,0,0,0
30.34444,13,0,BIM,Flat,1,PreTask,0,0,Small Multiples 0,Small Multiples 0,NA,0,0,0
30.4,13,0,BIM,Flat,1,PreTask,0,0,Small Multiples 0,Small Multiples 0,NA,0,0,0
30.45556,13,0,BIM,Flat,1,PreTask,0,0,Small Multiples 0,Small Multiples 0,NA,0,0,0
30.51111,13,0,BIM,Flat,1,PreTask,0,0,Small Multiples 0,Small Multiples 0,NA,0,0,0
30.55556,13,0,BIM,Flat,1,PreTask,0,0,Small Multiples 0,Small Multiples 0,NA,0,0,0
30.61111,13,0,BIM,Flat,1,PreTask,0,0,Small Multiples 0,Small Multiples 0,NA,0,0,0
30.66667,13,0,BIM,Flat,1,PreTask,0,0,Small Multiples 0,Small Multiples 0,NA,0,0,0
30.72222,13,0,BIM,Flat,1,PreTask,0,0,Small Multiples 0,Small Multiples 0,NA,0,0,0
30.77778,13,0,BIM,Flat,1,PreTask,0,0,Small Multiples 0,Small Multiples 0,NA,0,0,0
30.83333,13,0,BIM,Flat,1,PreTask,0,0,Small Multiples 0,Small Multiples 0,NA,0,0,0
30.88889,13,0,BIM,Flat,1,PreTask,0,0,Small Multiples 0,Small Multiples 0,NA,0,0,0
30.93333,13,0,BIM,Flat,1,PreTask,0,0,Small Multiples 0,Small Multiples 0,NA,0,0,0
30.98889,13,0,BIM,Flat,1,PreTask,0,0,Small Multiples 0,Small Multiples 0,NA,0,0,0
31.04445,13,0,BIM,Flat,1,PreTask,0,0,Small Multiples 0,Small Multiples 0,NA,0,0,0
31.1,13,0,BIM,Flat,1,PreTask,0,0,Small Multiples 0,Small Multiples 0,NA,0,0,0
31.15556,13,0,BIM,Flat,1,PreTask,0,0,Small Multiples 0,Small Multiples 0,NA,0,0,0
31.21111,13,0,BIM,Flat,1,PreTask,0,0,Small Multiples 0,Small Multiples 0,NA,0,0,0
31.25556,13,0,BIM,Flat,1,PreTask,0,0,Small Multiples 0,Small Multiples 0,NA,0,0,0
31.31111,13,0,BIM,Flat,1,PreTask,0,0,Small Multiples 0,Small Multiples 0,NA,0,0,0
31.54445,13,0,BIM,Flat,1,PreTask,0,0,Small Multiples 0,Small Multiples 0,NA,0,0,0
31.6,13,0,BIM,Flat,1,PreTask,0,0,Small Multiples 0,Small Multiples 0,NA,0,0,0
31.65556,13,0,BIM,Flat,1,PreTask,0,0,Small Multiples 0,Small Multiples 0,NA,0,0,0
31.71111,13,0,BIM,Flat,1,PreTask,0,0,Small Multiples 0,Small Multiples 0,NA,0,0,0
31.76667,13,0,BIM,Flat,1,PreTask,0,0,Small Multiples 0,Small Multiples 0,NA,0,0,0
31.82222,13,0,BIM,Flat,1,PreTask,0,0,Small Multiples 0,Small Multiples 0,NA,0,0,0
31.87778,13,0,BIM,Flat,1,PreTask,0,0,Small Multiples 0,Small Multiples 0,NA,0,0,0
31.93333,13,0,BIM,Flat,1,PreTask,0,0,Small Multiples 0,Small Multiples 0,NA,0,0,0
31.97778,13,0,BIM,Flat,1,PreTask,0,0,Small Multiples 0,Small Multiples 0,NA,0,0,0
32.03333,13,0,BIM,Flat,1,PreTask,0,0,Small Multiples 0,Small Multiples 0,NA,0,0,0
32.08889,13,0,BIM,Flat,1,PreTask,0,0,Small Multiples 0,Small Multiples 0,NA,0,0,0
32.14444,13,0,BIM,Flat,1,PreTask,0,0,Small Multiples 0,Small Multiples 0,NA,0,0,0
32.2,13,0,BIM,Flat,1,PreTask,0,0,Small Multiples 0,Small Multiples 0,NA,0,0,0
32.24445,13,0,BIM,Flat,1,PreTask,0,0,Small Multiples 0,Small Multiples 0,NA,0,0,0
32.3,13,0,BIM,Flat,1,PreTask,0,0,Small Multiples 0,Small Multiples 0,NA,0,0,0
32.35556,13,0,BIM,Flat,1,PreTask,0,0,Small Multiples 0,Small Multiples 0,NA,0,0,0
32.41111,13,0,BIM,Flat,1,PreTask,0,0,Small Multiples 0,Small Multiples 0,NA,0,0,0
32.45555,13,0,BIM,Flat,1,PreTask,0,0,Small Multiples 0,Small Multiples 0,NA,0,0,0
32.51111,13,0,BIM,Flat,1,PreTask,0,0,Small Multiples 0,Small Multiples 0,NA,0,0,0
32.56667,13,0,BIM,Flat,1,PreTask,0,0,Small Multiples 0,Small Multiples 0,NA,0,0,0
32.62222,13,0,BIM,Flat,1,PreTask,0,0,Small Multiples 0,Small Multiples 0,NA,0,0,0
32.66667,13,0,BIM,Flat,1,PreTask,0,0,Small Multiples 0,Small Multiples 0,NA,0,0,0
32.72222,13,0,BIM,Flat,1,PreTask,0,0,Small Multiples 0,Small Multiples 0,NA,0,0,0
32.77778,13,0,BIM,Flat,1,PreTask,0,0,Small Multiples 0,Small Multiples 0,NA,0,0,0
32.83334,13,0,BIM,Flat,1,PreTask,0,0,Small Multiples 0,Small Multiples 0,NA,0,0,0
32.87778,13,0,BIM,Flat,1,PreTask,0,0,Small Multiples 0,Small Multiples 0,NA,0,0,0
32.93333,13,0,BIM,Flat,1,PreTask,0,0,Small Multiples 0,Small Multiples 0,NA,0,0,0
32.98889,13,0,BIM,Flat,1,PreTask,0,0,Small Multiples 0,Small Multiples 0,NA,0,0,0
33.04445,13,0,BIM,Flat,1,PreTask,0,0,Small Multiples 0,Small Multiples 0,NA,0,0,0
33.1,13,0,BIM,Flat,1,PreTask,0,0,Small Multiples 0,Small Multiples 0,NA,0,0,0
33.15556,13,0,BIM,Flat,1,PreTask,0,0,Small Multiples 0,Small Multiples 0,NA,0,0,0
33.21111,13,0,BIM,Flat,1,PreTask,0,0,Small Multiples 0,Small Multiples 0,NA,0,0,0
33.26667,13,0,BIM,Flat,1,PreTask,0,0,Small Multiples 0,Small Multiples 0,NA,0,0,0
33.32222,13,0,BIM,Flat,1,PreTask,0,0,Small Multiples 0,Small Multiples 0,NA,0,0,0
33.37778,13,0,BIM,Flat,1,PreTask,0,0,Small Multiples 0,Small Multiples 0,NA,0,0,0
33.43333,13,0,BIM,Flat,1,PreTask,0,0,Small Multiples 0,Small Multiples 0,NA,0,0,0
33.48889,13,0,BIM,Flat,1,PreTask,0,0,Small Multiples 0,Small Multiples 0,NA,0,0,0
33.53333,13,0,BIM,Flat,1,PreTask,0,0,Small Multiples 0,Small Multiples 0,NA,0,0,0
33.58889,13,0,BIM,Flat,1,PreTask,0,0,Small Multiples 0,Small Multiples 0,NA,0,0,0
33.64444,13,0,BIM,Flat,1,PreTask,0,0,Small Multiples 0,Small Multiples 0,NA,0,0,0
33.7,13,0,BIM,Flat,1,PreTask,0,0,Small Multiples 0,Small Multiples 0,NA,0,0,0
33.75556,13,0,BIM,Flat,1,PreTask,0,0,Small Multiples 0,Small Multiples 0,NA,0,0,0
33.81111,13,0,BIM,Flat,1,PreTask,0,0,Small Multiples 0,Small Multiples 0,NA,0,0,0
33.86667,13,0,BIM,Flat,1,PreTask,0,0,Small Multiples 0,Small Multiples 0,NA,0,0,0
33.92222,13,0,BIM,Flat,1,PreTask,0,0,Small Multiples 0,Small Multiples 0,NA,0,0,0
33.96667,13,0,BIM,Flat,1,PreTask,0,0,Small Multiples 0,Small Multiples 0,NA,0,0,0
34.02222,13,0,BIM,Flat,1,PreTask,0,0,Small Multiples 0,Small Multiples 0,NA,0,0,0
34.07778,13,0,BIM,Flat,1,PreTask,0,0,Small Multiples 0,Small Multiples 0,NA,0,0,0
34.13334,13,0,BIM,Flat,1,PreTask,0,0,Small Multiples 0,Small Multiples 0,NA,0,0,0
34.18889,13,0,BIM,Flat,1,PreTask,0,0,Small Multiples 0,Small Multiples 0,NA,0,0,0
34.24445,13,0,BIM,Flat,1,PreTask,0,0,Small Multiples 0,Small Multiples 0,NA,0,0,0
34.3,13,0,BIM,Flat,1,PreTask,0,0,Small Multiples 0,Small Multiples 0,NA,0,0,0
34.35556,13,0,BIM,Flat,1,PreTask,0,0,Small Multiples 0,Small Multiples 0,NA,0,0,0
34.4,13,0,BIM,Flat,1,PreTask,0,0,Small Multiples 0,Small Multiples 0,NA,0,0,0
34.45555,13,0,BIM,Flat,1,PreTask,0,0,Small Multiples 0,Small Multiples 0,NA,0,0,0
34.51111,13,0,BIM,Flat,1,PreTask,0,0,Small Multiples 0,Small Multiples 0,NA,0,0,0
34.56667,13,0,BIM,Flat,1,PreTask,0,0,Small Multiples 0,Small Multiples 0,NA,0,0,0
34.61111,13,0,BIM,Flat,1,PreTask,0,0,Small Multiples 0,Small Multiples 0,NA,0,0,0
34.66667,13,0,BIM,Flat,1,PreTask,0,0,Small Multiples 0,Small Multiples 0,NA,0,0,0
34.72222,13,0,BIM,Flat,1,PreTask,0,0,Small Multiples 0,Small Multiples 0,NA,0,0,0
34.77778,13,0,BIM,Flat,1,PreTask,0,0,Small Multiples 0,Small Multiples 0,NA,0,0,0
34.83334,13,0,BIM,Flat,1,PreTask,0,0,Small Multiples 0,Small Multiples 0,NA,0,0,0
34.88889,13,0,BIM,Flat,1,PreTask,0,0,Small Multiples 0,Small Multiples 0,NA,0,0,0
34.94445,13,0,BIM,Flat,1,PreTask,0,0,Small Multiples 0,Small Multiples 0,NA,0,0,0
34.98889,13,0,BIM,Flat,1,PreTask,0,0,Small Multiples 0,Small Multiples 0,NA,0,0,0
35.04445,13,0,BIM,Flat,1,PreTask,0,0,Small Multiples 0,Small Multiples 0,NA,0,0,0
35.1,13,0,BIM,Flat,1,PreTask,0,0,Small Multiples 0,Small Multiples 0,NA,0,0,0
35.15556,13,0,BIM,Flat,1,PreTask,0,0,Small Multiples 0,Small Multiples 0,NA,0,0,0
35.21111,13,0,BIM,Flat,1,PreTask,0,0,Small Multiples 0,Small Multiples 0,NA,0,0,0
35.26667,13,0,BIM,Flat,1,PreTask,0,0,Small Multiples 0,Small Multiples 0,NA,0,0,0
35.32222,13,0,BIM,Flat,1,PreTask,0,0,Small Multiples 0,Small Multiples 0,NA,0,0,0
35.36667,13,0,BIM,Flat,1,PreTask,0,0,Small Multiples 0,Small Multiples 0,NA,0,0,0
35.42222,13,0,BIM,Flat,1,PreTask,0,0,Small Multiples 0,Small Multiples 0,NA,0,0,0
35.47778,13,0,BIM,Flat,1,PreTask,0,0,Small Multiples 0,Small Multiples 0,NA,0,0,0
35.53333,13,0,BIM,Flat,1,PreTask,0,0,Small Multiples 0,Small Multiples 0,NA,0,0,0
35.58889,13,0,BIM,Flat,1,PreTask,0,0,Small Multiples 0,Small Multiples 0,NA,0,0,0
35.63334,13,0,BIM,Flat,1,PreTask,0,0,Small Multiples 0,Small Multiples 0,NA,0,0,0
35.68889,13,0,BIM,Flat,1,PreTask,0,0,Small Multiples 0,Small Multiples 0,NA,0,0,0
35.74445,13,0,BIM,Flat,1,PreTask,0,0,Small Multiples 0,Small Multiples 0,NA,0,0,0
35.8,13,0,BIM,Flat,1,PreTask,0,0,Small Multiples 0,Small Multiples 0,NA,0,0,0
35.85556,13,0,BIM,Flat,1,PreTask,0,0,Small Multiples 0,Small Multiples 0,NA,0,0,0
35.9,13,0,BIM,Flat,1,PreTask,0,0,Small Multiples 0,Small Multiples 0,NA,0,0,0
35.95555,13,0,BIM,Flat,1,PreTask,0,0,Small Multiples 0,Small Multiples 0,NA,0,0,0
36.01111,13,0,BIM,Flat,1,PreTask,0,0,Small Multiples 0,Small Multiples 0,NA,0,0,0
36.06667,13,0,BIM,Flat,1,PreTask,0,0,Small Multiples 0,Small Multiples 0,NA,0,0,0
36.12222,13,0,BIM,Flat,1,PreTask,0,0,Small Multiples 0,Small Multiples 0,NA,0,0,0
36.17778,13,0,BIM,Flat,1,PreTask,0,0,Small Multiples 0,Small Multiples 0,NA,0,0,0
36.23333,13,0,BIM,Flat,1,PreTask,0,0,Small Multiples 0,Small Multiples 0,NA,0,0,0
36.28889,13,0,BIM,Flat,1,PreTask,0,0,Small Multiples 0,Small Multiples 0,NA,0,0,0
36.33334,13,0,BIM,Flat,1,PreTask,0,0,Small Multiples 0,Small Multiples 0,NA,0,0,0
36.38889,13,0,BIM,Flat,1,PreTask,0,0,Small Multiples 0,Small Multiples 0,NA,0,0,0
36.44445,13,0,BIM,Flat,1,PreTask,0,0,Small Multiples 0,Small Multiples 0,NA,0,0,0
36.5,13,0,BIM,Flat,1,PreTask,0,0,Small Multiples 0,Small Multiples 0,NA,0,0,0
36.55556,13,0,BIM,Flat,1,PreTask,0,0,Small Multiples 0,Small Multiples 0,NA,0,0,0
36.61111,13,0,BIM,Flat,1,PreTask,0,0,Small Multiples 0,Small Multiples 0,NA,0,0,0
36.66667,13,0,BIM,Flat,1,PreTask,0,0,Small Multiples 0,Small Multiples 0,NA,0,0,0
36.72222,13,0,BIM,Flat,1,PreTask,0,0,Small Multiples 0,Small Multiples 0,NA,0,0,0
36.77778,13,0,BIM,Flat,1,PreTask,0,0,Small Multiples 0,Small Multiples 0,NA,0,0,0
36.83334,13,0,BIM,Flat,1,PreTask,0,0,Small Multiples 0,Small Multiples 0,NA,0,0,0
36.88889,13,0,BIM,Flat,1,PreTask,0,0,Small Multiples 0,Small Multiples 0,NA,0,0,0
36.93333,13,0,BIM,Flat,1,PreTask,0,0,Small Multiples 0,Small Multiples 0,NA,0,0,0
36.98889,13,0,BIM,Flat,1,PreTask,0,0,Small Multiples 0,Small Multiples 0,NA,0,0,0
37.04445,13,0,BIM,Flat,1,PreTask,0,0,Small Multiples 0,Small Multiples 0,NA,0,0,0
37.1,13,0,BIM,Flat,1,PreTask,0,0,Small Multiples 0,Small Multiples 0,NA,0,0,0
37.15556,13,0,BIM,Flat,1,PreTask,0,0,Small Multiples 0,Small Multiples 0,NA,0,0,0
37.2,13,0,BIM,Flat,1,PreTask,0,0,Small Multiples 0,Small Multiples 0,NA,0,0,0
37.25556,13,0,BIM,Flat,1,PreTask,0,0,Small Multiples 0,Small Multiples 0,NA,0,0,0
37.31111,13,0,BIM,Flat,1,PreTask,0,0,Small Multiples 0,Small Multiples 0,NA,0,0,0
37.36667,13,0,BIM,Flat,1,PreTask,0,0,Small Multiples 0,Small Multiples 0,NA,0,0,0
37.41111,13,0,BIM,Flat,1,PreTask,0,0,Small Multiples 0,Small Multiples 0,NA,0,0,0
37.47778,13,0,BIM,Flat,1,PreTask,0,0,Small Multiples 0,Small Multiples 0,NA,0,0,0
37.53333,13,0,BIM,Flat,1,PreTask,0,0,Small Multiples 0,Small Multiples 0,NA,0,0,0
37.58889,13,0,BIM,Flat,1,PreTask,0,0,Small Multiples 0,Small Multiples 0,NA,0,0,0
37.64444,13,0,BIM,Flat,1,PreTask,0,0,Small Multiples 0,Small Multiples 0,NA,0,0,0
37.7,13,0,BIM,Flat,1,PreTask,0,0,Small Multiples 0,Small Multiples 0,NA,0,0,0
37.75556,13,0,BIM,Flat,1,PreTask,0,0,Small Multiples 0,Small Multiples 0,NA,0,0,0
37.8,13,0,BIM,Flat,1,PreTask,0,0,Small Multiples 0,Small Multiples 0,NA,0,0,0
37.85556,13,0,BIM,Flat,1,PreTask,0,0,Small Multiples 0,Small Multiples 0,NA,0,0,0
37.91111,13,0,BIM,Flat,1,PreTask,0,0,Small Multiples 0,Small Multiples 0,NA,0,0,0
37.96667,13,0,BIM,Flat,1,PreTask,0,0,Small Multiples 0,Small Multiples 0,NA,0,0,0
38.01111,13,0,BIM,Flat,1,PreTask,0,0,Small Multiples 0,Small Multiples 0,NA,0,0,0
38.06667,13,0,BIM,Flat,1,PreTask,0,0,Small Multiples 0,Small Multiples 0,NA,0,0,0
38.12222,13,0,BIM,Flat,1,PreTask,0,0,Small Multiples 0,Small Multiples 0,NA,0,0,0
38.17778,13,0,BIM,Flat,1,PreTask,0,0,Small Multiples 0,Small Multiples 0,NA,0,0,0
38.23333,13,0,BIM,Flat,1,PreTask,0,0,Small Multiples 0,Small Multiples 0,NA,0,0,0
38.28889,13,0,BIM,Flat,1,PreTask,0,0,Small Multiples 0,Small Multiples 0,NA,0,0,0
38.34444,13,0,BIM,Flat,1,PreTask,0,0,Small Multiples 0,Small Multiples 0,NA,0,0,0
38.4,13,0,BIM,Flat,1,PreTask,0,0,Small Multiples 0,Small Multiples 0,NA,0,0,0
38.44445,13,0,BIM,Flat,1,PreTask,0,0,Small Multiples 0,Small Multiples 0,NA,0,0,0
38.5,13,0,BIM,Flat,1,PreTask,0,0,Small Multiples 0,Small Multiples 0,NA,0,0,0
38.55556,13,0,BIM,Flat,1,PreTask,0,0,Small Multiples 0,Small Multiples 0,NA,0,0,0
38.61111,13,0,BIM,Flat,1,PreTask,0,0,Small Multiples 0,Small Multiples 0,NA,0,0,0
38.66667,13,0,BIM,Flat,1,PreTask,0,0,Small Multiples 0,Small Multiples 0,NA,0,0,0
38.71111,13,0,BIM,Flat,1,PreTask,0,0,Small Multiples 0,Small Multiples 0,NA,0,0,0
38.77778,13,0,BIM,Flat,1,PreTask,0,0,Small Multiples 0,Small Multiples 0,NA,0,0,0
38.83334,13,0,BIM,Flat,1,PreTask,0,0,Small Multiples 0,Small Multiples 0,NA,0,0,0
38.87778,13,0,BIM,Flat,1,PreTask,0,0,Small Multiples 0,Small Multiples 0,NA,0,0,0
38.93333,13,0,BIM,Flat,1,PreTask,0,0,Small Multiples 0,Small Multiples 0,NA,0,0,0
38.98889,13,0,BIM,Flat,1,PreTask,0,0,Small Multiples 0,Small Multiples 0,NA,0,0,0
39.04445,13,0,BIM,Flat,1,PreTask,0,0,Small Multiples 0,Small Multiples 0,NA,0,0,0
39.1,13,0,BIM,Flat,1,PreTask,0,0,Small Multiples 0,Small Multiples 0,NA,0,0,0
39.15556,13,0,BIM,Flat,1,PreTask,0,0,Small Multiples 0,Small Multiples 0,NA,0,0,0
39.21111,13,0,BIM,Flat,1,PreTask,0,0,Small Multiples 0,Small Multiples 0,NA,0,0,0
39.25556,13,0,BIM,Flat,1,PreTask,0,0,Small Multiples 0,Small Multiples 0,NA,0,0,0
39.31111,13,0,BIM,Flat,1,PreTask,0,0,Small Multiples 0,Small Multiples 0,NA,0,0,0
39.36667,13,0,BIM,Flat,1,PreTask,0,0,Small Multiples 0,Small Multiples 0,NA,0,0,0
39.42222,13,0,BIM,Flat,1,PreTask,0,0,Small Multiples 0,Small Multiples 0,NA,0,0,0
39.47778,13,0,BIM,Flat,1,PreTask,0,0,Small Multiples 0,Small Multiples 0,NA,0,0,0
39.53333,13,0,BIM,Flat,1,PreTask,0,0,Small Multiples 0,Small Multiples 0,NA,0,0,0
39.58889,13,0,BIM,Flat,1,PreTask,0,0,Small Multiples 0,Small Multiples 0,NA,0,0,0
39.64444,13,0,BIM,Flat,1,PreTask,0,0,Small Multiples 0,Small Multiples 0,NA,0,0,0
39.7,13,0,BIM,Flat,1,PreTask,0,0,Small Multiples 0,Small Multiples 0,NA,0,0,0
39.75556,13,0,BIM,Flat,1,PreTask,0,0,Small Multiples 0,Small Multiples 0,NA,0,0,0
39.81111,13,0,BIM,Flat,1,PreTask,0,0,Small Multiples 0,Small Multiples 0,NA,0,0,0
39.86667,13,0,BIM,Flat,1,PreTask,0,0,Small Multiples 0,Small Multiples 0,NA,0,0,0
39.91111,13,0,BIM,Flat,1,PreTask,0,0,Small Multiples 0,Small Multiples 0,NA,0,0,0
39.96667,13,0,BIM,Flat,1,PreTask,0,0,Small Multiples 0,Small Multiples 0,NA,0,0,0
40.02222,13,0,BIM,Flat,1,PreTask,0,0,Small Multiples 0,Small Multiples 0,NA,0,0,0
40.07778,13,0,BIM,Flat,1,PreTask,0,0,Small Multiples 0,Small Multiples 0,NA,0,0,0
40.13334,13,0,BIM,Flat,1,PreTask,0,0,Small Multiples 0,Small Multiples 0,NA,0,0,0
40.18889,13,0,BIM,Flat,1,PreTask,0,0,Small Multiples 0,Small Multiples 0,NA,0,0,0
40.23333,13,0,BIM,Flat,1,PreTask,0,0,Small Multiples 0,Small Multiples 0,NA,0,0,0
40.28889,13,0,BIM,Flat,1,PreTask,0,0,Small Multiples 0,Small Multiples 0,NA,0,0,0
40.34444,13,0,BIM,Flat,1,PreTask,0,0,Small Multiples 0,Small Multiples 0,NA,0,0,0
40.4,13,0,BIM,Flat,1,PreTask,0,0,Small Multiples 0,Small Multiples 0,NA,0,0,0
40.44445,13,0,BIM,Flat,1,PreTask,0,0,Small Multiples 0,Small Multiples 0,NA,0,0,0
40.51111,13,0,BIM,Flat,1,PreTask,0,0,Small Multiples 0,Small Multiples 0,NA,0,0,0
40.56667,13,0,BIM,Flat,1,PreTask,0,0,Small Multiples 0,Small Multiples 0,NA,0,0,0
40.61111,13,0,BIM,Flat,1,PreTask,0,0,Small Multiples 0,Small Multiples 0,NA,0,0,0
40.66667,13,0,BIM,Flat,1,PreTask,0,0,Small Multiples 0,Small Multiples 0,NA,0,0,0
40.72222,13,0,BIM,Flat,1,PreTask,0,0,Small Multiples 0,Small Multiples 0,NA,0,0,0
40.77778,13,0,BIM,Flat,1,PreTask,0,0,Small Multiples 0,Small Multiples 0,NA,0,0,0
40.83334,13,0,BIM,Flat,1,PreTask,0,0,Small Multiples 0,Small Multiples 0,NA,0,0,0
40.87778,13,0,BIM,Flat,1,PreTask,0,0,Small Multiples 0,Small Multiples 0,NA,0,0,0
40.93333,13,0,BIM,Flat,1,PreTask,0,0,Small Multiples 0,Small Multiples 0,NA,0,0,0
40.98889,13,0,BIM,Flat,1,PreTask,0,0,Small Multiples 0,Small Multiples 0,NA,0,0,0
41.04445,13,0,BIM,Flat,1,PreTask,0,0,Small Multiples 0,Small Multiples 0,NA,0,0,0
41.1,13,0,BIM,Flat,1,PreTask,0,0,Small Multiples 0,Small Multiples 0,NA,0,0,0
41.15556,13,0,BIM,Flat,1,PreTask,0,0,Small Multiples 0,Small Multiples 0,NA,0,0,0
41.21111,13,0,BIM,Flat,1,PreTask,0,0,Small Multiples 0,Small Multiples 0,NA,0,0,0
41.26667,13,0,BIM,Flat,1,PreTask,0,0,Small Multiples 0,Small Multiples 0,NA,0,0,0
41.32222,13,0,BIM,Flat,1,PreTask,0,0,Small Multiples 0,Small Multiples 0,NA,0,0,0
41.37778,13,0,BIM,Flat,1,PreTask,0,0,Small Multiples 0,Small Multiples 0,NA,0,0,0
41.43333,13,0,BIM,Flat,1,PreTask,0,0,Small Multiples 0,Small Multiples 0,NA,0,0,0
41.47778,13,0,BIM,Flat,1,PreTask,0,0,Small Multiples 0,Small Multiples 0,NA,0,0,0
41.53333,13,0,BIM,Flat,1,PreTask,0,0,Small Multiples 0,Small Multiples 0,NA,0,0,0
41.58889,13,0,BIM,Flat,1,PreTask,0,0,Small Multiples 0,Small Multiples 0,NA,0,0,0
41.64445,13,0,BIM,Flat,1,PreTask,0,0,Small Multiples 0,Small Multiples 0,NA,0,0,0
41.7,13,0,BIM,Flat,1,PreTask,0,0,Small Multiples 0,Small Multiples 0,NA,0,0,0
41.74445,13,0,BIM,Flat,1,PreTask,0,0,Small Multiples 0,Small Multiples 0,NA,0,0,0
41.8,13,0,BIM,Flat,1,PreTask,0,0,Small Multiples 0,Small Multiples 0,NA,0,0,0
41.85556,13,0,BIM,Flat,1,PreTask,0,0,Small Multiples 0,Small Multiples 0,NA,0,0,0
41.91111,13,0,BIM,Flat,1,PreTask,0,0,Small Multiples 0,Small Multiples 0,NA,0,0,0
41.96667,13,0,BIM,Flat,1,PreTask,0,0,Small Multiples 0,Small Multiples 0,NA,0,0,0
42.02222,13,0,BIM,Flat,1,PreTask,0,0,Small Multiples 0,Small Multiples 0,NA,0,0,0
42.06667,13,0,BIM,Flat,1,PreTask,0,0,Small Multiples 0,Small Multiples 0,NA,0,0,0
42.12222,13,0,BIM,Flat,1,PreTask,0,0,Small Multiples 0,Small Multiples 0,NA,0,0,0
42.17778,13,0,BIM,Flat,1,PreTask,0,0,Small Multiples 0,Small Multiples 0,NA,0,0,0
42.23333,13,0,BIM,Flat,1,PreTask,0,0,Small Multiples 0,Small Multiples 0,NA,0,0,0
42.28889,13,0,BIM,Flat,1,PreTask,0,0,Small Multiples 0,Small Multiples 0,NA,0,0,0
42.34444,13,0,BIM,Flat,1,PreTask,0,0,Small Multiples 0,Small Multiples 0,NA,0,0,0
42.4,13,0,BIM,Flat,1,PreTask,0,0,Small Multiples 0,Small Multiples 0,NA,0,0,0
42.45555,13,0,BIM,Flat,1,PreTask,0,0,Small Multiples 0,Small Multiples 0,NA,0,0,0
42.51111,13,0,BIM,Flat,1,PreTask,0,0,Small Multiples 0,Small Multiples 0,NA,0,0,0
42.56667,13,0,BIM,Flat,1,PreTask,0,0,Small Multiples 0,Small Multiples 0,NA,0,0,0
42.61111,13,0,BIM,Flat,1,PreTask,0,0,Small Multiples 0,Small Multiples 0,NA,0,0,0
42.67778,13,0,BIM,Flat,1,PreTask,0,0,Small Multiples 0,Small Multiples 0,NA,0,0,0
42.73333,13,0,BIM,Flat,1,PreTask,0,0,Small Multiples 0,Small Multiples 0,NA,0,0,0
42.77778,13,0,BIM,Flat,1,PreTask,0,0,Small Multiples 0,Small Multiples 0,NA,0,0,0
42.84444,13,0,BIM,Flat,1,PreTask,0,0,Small Multiples 0,Small Multiples 0,NA,0,0,0
42.9,13,0,BIM,Flat,1,PreTask,0,0,Small Multiples 0,Small Multiples 0,NA,0,0,0
42.94445,13,0,BIM,Flat,1,PreTask,0,0,Small Multiples 0,Small Multiples 0,NA,0,0,0
43.01111,13,0,BIM,Flat,1,PreTask,0,0,Small Multiples 0,Small Multiples 0,NA,0,0,0
43.05556,13,0,BIM,Flat,1,PreTask,0,0,Small Multiples 0,Small Multiples 0,NA,0,0,0
43.11111,13,0,BIM,Flat,1,PreTask,0,0,Small Multiples 0,Small Multiples 0,NA,0,0,0
43.16667,13,0,BIM,Flat,1,PreTask,0,0,Small Multiples 0,Small Multiples 0,NA,0,0,0
43.23333,13,0,BIM,Flat,1,PreTask,0,0,Small Multiples 0,Small Multiples 0,NA,0,0,0
43.28889,13,0,BIM,Flat,1,PreTask,0,0,Small Multiples 0,Small Multiples 0,NA,0,0,0
43.34444,13,0,BIM,Flat,1,PreTask,0,0,Small Multiples 0,Small Multiples 0,NA,0,0,0
43.38889,13,0,BIM,Flat,1,PreTask,0,0,Small Multiples 0,Small Multiples 0,NA,0,0,0
43.44445,13,0,BIM,Flat,1,PreTask,0,0,Small Multiples 0,Small Multiples 0,NA,0,0,0
43.5,13,0,BIM,Flat,1,PreTask,0,0,Small Multiples 0,Small Multiples 0,NA,0,0,0
43.55556,13,0,BIM,Flat,1,PreTask,0,0,Small Multiples 0,Small Multiples 0,NA,0,0,0
43.61111,13,0,BIM,Flat,1,PreTask,0,0,Small Multiples 0,Small Multiples 0,NA,0,0,0
43.66667,13,0,BIM,Flat,1,PreTask,0,0,Small Multiples 0,Small Multiples 0,NA,0,0,0
43.71111,13,0,BIM,Flat,1,PreTask,0,0,Small Multiples 0,Small Multiples 0,NA,0,0,0
43.76667,13,0,BIM,Flat,1,PreTask,0,0,Small Multiples 0,Small Multiples 0,NA,0,0,0
43.82222,13,0,BIM,Flat,1,PreTask,0,0,Small Multiples 0,Small Multiples 0,NA,0,0,0
43.87778,13,0,BIM,Flat,1,PreTask,0,0,Small Multiples 0,Small Multiples 0,NA,0,0,0
43.93333,13,0,BIM,Flat,1,PreTask,0,0,Small Multiples 0,Small Multiples 0,NA,0,0,0
43.97778,13,0,BIM,Flat,1,PreTask,0,0,Small Multiples 0,Small Multiples 0,NA,0,0,0
44.03333,13,0,BIM,Flat,1,PreTask,0,0,Small Multiples 0,Small Multiples 0,NA,0,0,0
44.08889,13,0,BIM,Flat,1,PreTask,0,0,Small Multiples 0,Small Multiples 0,NA,0,0,0
44.14445,13,0,BIM,Flat,1,PreTask,0,0,Small Multiples 0,Small Multiples 0,NA,0,0,0
44.2,13,0,BIM,Flat,1,PreTask,0,0,Small Multiples 0,Small Multiples 0,NA,0,0,0
44.24445,13,0,BIM,Flat,1,PreTask,0,0,Small Multiples 0,Small Multiples 0,NA,0,0,0
44.31111,13,0,BIM,Flat,1,PreTask,0,0,Small Multiples 0,Small Multiples 0,NA,0,0,0
44.36667,13,0,BIM,Flat,1,PreTask,0,0,Small Multiples 0,Small Multiples 0,NA,0,0,0
44.41111,13,0,BIM,Flat,1,PreTask,0,0,Small Multiples 0,Small Multiples 0,NA,0,0,0
44.46667,13,0,BIM,Flat,1,PreTask,0,0,Small Multiples 0,Small Multiples 0,NA,0,0,0
44.52222,13,0,BIM,Flat,1,PreTask,0,0,Small Multiples 0,Small Multiples 0,NA,0,0,0
44.57778,13,0,BIM,Flat,1,PreTask,0,0,Small Multiples 0,Small Multiples 0,NA,0,0,0
44.62222,13,0,BIM,Flat,1,PreTask,0,0,Small Multiples 0,Small Multiples 0,NA,0,0,0
44.67778,13,0,BIM,Flat,1,PreTask,0,0,Small Multiples 0,Small Multiples 0,NA,0,0,0
44.73333,13,0,BIM,Flat,1,PreTask,0,0,Small Multiples 0,Small Multiples 0,NA,0,0,0
44.78889,13,0,BIM,Flat,1,PreTask,0,0,Small Multiples 0,Small Multiples 0,NA,0,0,0
44.84444,13,0,BIM,Flat,1,PreTask,0,0,Small Multiples 0,Small Multiples 0,NA,0,0,0
44.9,13,0,BIM,Flat,1,PreTask,0,0,Small Multiples 0,Small Multiples 0,NA,0,0,0
44.95555,13,0,BIM,Flat,1,PreTask,0,0,Small Multiples 0,Small Multiples 0,NA,0,0,0
45.01111,13,0,BIM,Flat,1,PreTask,0,0,Small Multiples 0,Small Multiples 0,NA,0,0,0
45.06667,13,0,BIM,Flat,1,PreTask,0,0,Small Multiples 0,Small Multiples 0,NA,0,0,0
45.12222,13,0,BIM,Flat,1,PreTask,0,0,Small Multiples 0,Small Multiples 0,NA,0,0,0
45.22223,13,0,BIM,Flat,1,PreTask,0,0,Small Multiples 0,Small Multiples 0,NA,0,0,0
45.23334,13,0,BIM,Flat,1,PreTask,0,0,Small Multiples 0,Small Multiples 0,NA,0,0,0
45.23334,13,0,BIM,Flat,1,PreTask,0,0,Small Multiples 0,Small Multiples 0,NA,0,0,0
45.25556,13,0,BIM,Flat,1,PreTask,0,0,Small Multiples 0,Small Multiples 0,NA,0,0,0
45.32223,13,0,BIM,Flat,1,PreTask,0,0,Small Multiples 0,Small Multiples 0,NA,0,0,0
45.37778,13,0,BIM,Flat,1,PreTask,0,0,Small Multiples 0,Small Multiples 0,NA,0,0,0
45.43334,13,0,BIM,Flat,1,PreTask,0,0,Small Multiples 0,Small Multiples 0,NA,0,0,0
45.63334,13,0,BIM,Flat,1,PreTask,0,0,Small Multiples 0,Small Multiples 0,NA,0,0,0
45.6889,13,0,BIM,Flat,1,PreTask,0,0,Small Multiples 0,Small Multiples 0,NA,0,0,0
45.74445,13,0,BIM,Flat,1,PreTask,0,0,Small Multiples 0,Small Multiples 0,NA,0,0,0
45.80001,13,0,BIM,Flat,1,PreTask,0,0,Small Multiples 0,Small Multiples 0,NA,0,0,0
45.84445,13,0,BIM,Flat,1,PreTask,0,0,Small Multiples 0,Small Multiples 0,NA,0,0,0
45.90001,13,0,BIM,Flat,1,PreTask,0,0,Small Multiples 0,Small Multiples 0,NA,0,0,0
45.94445,13,0,BIM,Flat,1,PreTask,0,0,Small Multiples 0,Small Multiples 0,NA,0,0,0
46.00001,13,0,BIM,Flat,1,PreTask,0,0,Small Multiples 0,Small Multiples 0,NA,0,0,0
46.05556,13,0,BIM,Flat,1,PreTask,0,0,Small Multiples 0,Small Multiples 0,NA,0,0,0
46.11112,13,0,BIM,Flat,1,PreTask,0,0,Small Multiples 0,Small Multiples 0,NA,0,0,0
46.15556,13,0,BIM,Flat,1,PreTask,0,0,Small Multiples 0,Small Multiples 0,NA,0,0,0
46.21112,13,0,BIM,Flat,1,PreTask,0,0,Small Multiples 0,Small Multiples 0,NA,0,0,0
46.26667,13,0,BIM,Flat,1,PreTask,0,0,Small Multiples 0,Small Multiples 0,NA,0,0,0
46.33334,13,0,BIM,Flat,1,PreTask,0,0,Small Multiples 0,Small Multiples 0,NA,0,0,0
46.3889,13,0,BIM,Flat,1,PreTask,0,0,Small Multiples 0,Small Multiples 0,NA,0,0,0
46.44445,13,0,BIM,Flat,1,PreTask,0,0,Small Multiples 0,Small Multiples 0,NA,0,0,0
46.4889,13,0,BIM,Flat,1,PreTask,0,0,Small Multiples 0,Small Multiples 0,NA,0,0,0
46.54445,13,0,BIM,Flat,1,PreTask,0,0,Small Multiples 0,Small Multiples 0,NA,0,0,0
46.58889,13,0,BIM,Flat,1,PreTask,0,0,Small Multiples 0,Small Multiples 0,NA,0,0,0
46.64445,13,0,BIM,Flat,1,PreTask,0,0,Small Multiples 0,Small Multiples 0,NA,0,0,0
46.70001,13,0,BIM,Flat,1,PreTask,0,0,Small Multiples 0,Small Multiples 0,NA,0,0,0
46.74445,13,0,BIM,Flat,1,PreTask,0,0,Small Multiples 0,Small Multiples 0,NA,0,0,0
46.80001,13,0,BIM,Flat,1,PreTask,0,0,Small Multiples 0,Small Multiples 0,NA,0,0,0
46.85556,13,0,BIM,Flat,1,PreTask,0,0,Small Multiples 0,Small Multiples 0,NA,0,0,0
46.90001,13,0,BIM,Flat,1,PreTask,0,0,Small Multiples 0,Small Multiples 0,NA,0,0,0
46.95556,13,0,BIM,Flat,1,PreTask,0,0,Small Multiples 0,Small Multiples 0,NA,0,0,0
47.01112,13,0,BIM,Flat,1,PreTask,0,0,Small Multiples 0,Small Multiples 0,NA,0,0,0
47.05556,13,0,BIM,Flat,1,PreTask,0,0,Small Multiples 0,Small Multiples 0,NA,0,0,0
47.11112,13,0,BIM,Flat,1,PreTask,0,0,Small Multiples 0,Small Multiples 0,NA,0,0,0
47.16667,13,0,BIM,Flat,1,PreTask,0,0,Small Multiples 0,Small Multiples 0,NA,0,0,0
47.21112,13,0,BIM,Flat,1,PreTask,0,0,Small Multiples 0,Small Multiples 0,NA,0,0,0
47.26667,13,0,BIM,Flat,1,PreTask,0,0,Small Multiples 0,Small Multiples 0,NA,0,0,0
47.32223,13,0,BIM,Flat,1,PreTask,0,0,Small Multiples 0,Small Multiples 0,NA,0,0,0
47.37778,13,0,BIM,Flat,1,PreTask,0,0,Small Multiples 0,Small Multiples 0,NA,0,0,0
47.42223,13,0,BIM,Flat,1,PreTask,0,0,Small Multiples 0,Small Multiples 0,NA,0,0,0
47.47778,13,0,BIM,Flat,1,PreTask,0,0,Small Multiples 0,Small Multiples 0,NA,0,0,0
47.53334,13,0,BIM,Flat,1,PreTask,0,0,Small Multiples 0,Small Multiples 0,NA,0,0,0
47.57779,13,0,BIM,Flat,1,PreTask,0,0,Small Multiples 0,Small Multiples 0,NA,0,0,0
47.63334,13,0,BIM,Flat,1,PreTask,0,0,Small Multiples 0,Small Multiples 0,NA,0,0,0
47.6889,13,0,BIM,Flat,1,PreTask,0,0,Small Multiples 0,Small Multiples 0,NA,0,0,0
47.73334,13,0,BIM,Flat,1,PreTask,0,0,Small Multiples 0,Small Multiples 0,NA,0,0,0
47.78889,13,0,BIM,Flat,1,PreTask,0,0,Small Multiples 0,Small Multiples 0,NA,0,0,0
47.83334,13,0,BIM,Flat,1,PreTask,0,0,Small Multiples 0,Small Multiples 0,NA,0,0,0
47.8889,13,0,BIM,Flat,1,PreTask,0,0,Small Multiples 0,Small Multiples 0,NA,0,0,0
47.94445,13,0,BIM,Flat,1,PreTask,0,0,Small Multiples 0,Small Multiples 0,NA,0,0,0
47.9889,13,0,BIM,Flat,1,PreTask,0,0,Small Multiples 0,Small Multiples 0,NA,0,0,0
48.04445,13,0,BIM,Flat,1,PreTask,0,0,Small Multiples 0,Small Multiples 0,NA,0,0,0
48.0889,13,0,BIM,Flat,1,PreTask,0,0,Small Multiples 0,Small Multiples 0,NA,0,0,0
48.14445,13,0,BIM,Flat,1,PreTask,0,0,Small Multiples 0,Small Multiples 0,NA,0,0,0
48.20001,13,0,BIM,Flat,1,PreTask,0,0,Small Multiples 0,Small Multiples 0,NA,0,0,0
48.25556,13,0,BIM,Flat,1,PreTask,0,0,Small Multiples 0,Small Multiples 0,NA,0,0,0
48.3889,13,0,BIM,Flat,1,PreTask,0,0,Small Multiples 0,Small Multiples 0,NA,0,0,0
48.45556,13,0,BIM,Flat,1,PreTask,0,0,Small Multiples 0,Small Multiples 0,NA,0,0,0
48.51112,13,0,BIM,Flat,1,PreTask,0,0,Small Multiples 0,Small Multiples 0,NA,0,0,0
48.56667,13,0,BIM,Flat,1,PreTask,0,0,Small Multiples 0,Small Multiples 0,NA,0,0,0
48.63334,13,0,BIM,Flat,1,PreTask,0,0,Small Multiples 0,Small Multiples 0,NA,0,0,0
48.6889,13,0,BIM,Flat,1,PreTask,0,0,Small Multiples 0,Small Multiples 0,NA,0,0,0
48.74445,13,0,BIM,Flat,1,PreTask,0,0,Small Multiples 0,Small Multiples 0,NA,0,0,0
48.78889,13,0,BIM,Flat,1,PreTask,0,0,Small Multiples 0,Small Multiples 0,NA,0,0,0
48.84445,13,0,BIM,Flat,1,PreTask,0,0,Small Multiples 0,Small Multiples 0,NA,0,0,0
48.90001,13,0,BIM,Flat,1,PreTask,0,0,Small Multiples 0,Small Multiples 0,NA,0,0,0
48.94445,13,0,BIM,Flat,1,PreTask,0,0,Small Multiples 0,Small Multiples 0,NA,0,0,0
49.00001,13,0,BIM,Flat,1,PreTask,0,0,Small Multiples 0,Small Multiples 0,NA,0,0,0
49.05556,13,0,BIM,Flat,1,PreTask,0,0,Small Multiples 0,Small Multiples 0,NA,0,0,0
49.10001,13,0,BIM,Flat,1,PreTask,0,0,Small Multiples 0,Small Multiples 0,NA,0,0,0
49.15556,13,0,BIM,Flat,1,PreTask,0,0,Small Multiples 0,Small Multiples 0,NA,0,0,0
49.21112,13,0,BIM,Flat,1,PreTask,0,0,Small Multiples 0,Small Multiples 0,NA,0,0,0
49.25556,13,0,BIM,Flat,1,PreTask,0,0,Small Multiples 0,Small Multiples 0,NA,0,0,0
49.31112,13,0,BIM,Flat,1,PreTask,0,0,Small Multiples 0,Small Multiples 0,NA,0,0,0
49.36667,13,0,BIM,Flat,1,PreTask,0,0,Small Multiples 0,Small Multiples 0,NA,0,0,0
49.41112,13,0,BIM,Flat,1,PreTask,0,0,Small Multiples 0,Small Multiples 0,NA,0,0,0
49.46667,13,0,BIM,Flat,1,PreTask,0,0,Small Multiples 0,Small Multiples 0,NA,0,0,0
49.51112,13,0,BIM,Flat,1,PreTask,0,0,Small Multiples 0,Small Multiples 0,NA,0,0,0
49.56667,13,0,BIM,Flat,1,PreTask,0,0,Small Multiples 0,Small Multiples 0,NA,0,0,0
49.62223,13,0,BIM,Flat,1,PreTask,0,0,Small Multiples 0,Small Multiples 0,NA,0,0,0
49.66667,13,0,BIM,Flat,1,PreTask,0,0,Small Multiples 0,Small Multiples 0,NA,0,0,0
49.72223,13,0,BIM,Flat,1,PreTask,0,0,Small Multiples 0,Small Multiples 0,NA,0,0,0
49.76667,13,0,BIM,Flat,1,PreTask,0,0,Small Multiples 0,Small Multiples 0,NA,0,0,0
49.82223,13,0,BIM,Flat,1,PreTask,0,0,Small Multiples 0,Small Multiples 0,NA,0,0,0
49.87778,13,0,BIM,Flat,1,PreTask,0,0,Small Multiples 0,Small Multiples 0,NA,0,0,0
49.92223,13,0,BIM,Flat,1,PreTask,0,0,Small Multiples 0,Small Multiples 0,NA,0,0,0
49.97778,13,0,BIM,Flat,1,PreTask,0,0,Small Multiples 0,Small Multiples 0,NA,0,0,0
50.02223,13,0,BIM,Flat,1,PreTask,0,0,Small Multiples 0,Small Multiples 0,NA,0,0,0
50.07779,13,0,BIM,Flat,1,PreTask,0,0,Small Multiples 0,Small Multiples 0,NA,0,0,0
50.13334,13,0,BIM,Flat,1,PreTask,0,0,Small Multiples 0,Small Multiples 0,NA,0,0,0
50.17778,13,0,BIM,Flat,1,PreTask,0,0,Small Multiples 0,Small Multiples 0,NA,0,0,0
50.23334,13,0,BIM,Flat,1,PreTask,0,0,Small Multiples 0,Small Multiples 0,NA,0,0,0
50.27779,13,0,BIM,Flat,1,PreTask,0,0,Small Multiples 0,Small Multiples 0,NA,0,0,0
50.33334,13,0,BIM,Flat,1,PreTask,0,0,Small Multiples 0,Small Multiples 0,NA,0,0,0
50.3889,13,0,BIM,Flat,1,PreTask,0,0,Small Multiples 0,Small Multiples 0,NA,0,0,0
50.43334,13,0,BIM,Flat,1,PreTask,0,0,Small Multiples 0,Small Multiples 0,NA,0,0,0
50.4889,13,0,BIM,Flat,1,PreTask,0,0,Small Multiples 0,Small Multiples 0,NA,0,0,0
50.53334,13,0,BIM,Flat,1,PreTask,0,0,Small Multiples 0,Small Multiples 0,NA,0,0,0
50.5889,13,0,BIM,Flat,1,PreTask,0,0,Small Multiples 0,Small Multiples 0,NA,0,0,0
50.64445,13,0,BIM,Flat,1,PreTask,0,0,Small Multiples 0,Small Multiples 0,NA,0,0,0
50.6889,13,0,BIM,Flat,1,PreTask,0,0,Small Multiples 0,Small Multiples 0,NA,0,0,0
50.74445,13,0,BIM,Flat,1,PreTask,0,0,Small Multiples 0,Small Multiples 0,NA,0,0,0
50.80001,13,0,BIM,Flat,1,PreTask,0,0,Small Multiples 0,Small Multiples 0,NA,0,0,0
50.84445,13,0,BIM,Flat,1,PreTask,0,0,Small Multiples 0,Small Multiples 0,NA,0,0,0
50.90001,13,0,BIM,Flat,1,PreTask,0,0,Small Multiples 0,Small Multiples 0,NA,0,0,0
50.94445,13,0,BIM,Flat,1,PreTask,0,0,Small Multiples 0,Small Multiples 0,NA,0,0,0
51.00001,13,0,BIM,Flat,1,PreTask,0,0,Small Multiples 0,Small Multiples 0,NA,0,0,0
51.05556,13,0,BIM,Flat,1,PreTask,0,0,Small Multiples 0,Small Multiples 0,NA,0,0,0
51.10001,13,0,BIM,Flat,1,PreTask,0,0,Small Multiples 0,Small Multiples 0,NA,0,0,0
51.15556,13,0,BIM,Flat,1,PreTask,0,0,Small Multiples 0,Small Multiples 0,NA,0,0,0
51.21112,13,0,BIM,Flat,1,PreTask,0,0,Small Multiples 0,Small Multiples 0,NA,0,0,0
51.25556,13,0,BIM,Flat,1,PreTask,0,0,Small Multiples 0,Small Multiples 0,NA,0,0,0
51.31112,13,0,BIM,Flat,1,PreTask,0,0,Small Multiples 0,Small Multiples 0,NA,0,0,0
51.35556,13,0,BIM,Flat,1,PreTask,0,0,Small Multiples 0,Small Multiples 0,NA,0,0,0
51.41112,13,0,BIM,Flat,1,PreTask,0,0,Small Multiples 0,Small Multiples 0,NA,0,0,0
51.46667,13,0,BIM,Flat,1,PreTask,0,0,Small Multiples 0,Small Multiples 0,NA,0,0,0
51.51112,13,0,BIM,Flat,1,PreTask,0,0,Small Multiples 0,Small Multiples 0,NA,0,0,0
51.56667,13,0,BIM,Flat,1,PreTask,0,0,Small Multiples 0,Small Multiples 0,NA,0,0,0
51.61112,13,0,BIM,Flat,1,PreTask,0,0,Small Multiples 0,Small Multiples 0,NA,0,0,0
51.66667,13,0,BIM,Flat,1,PreTask,0,0,Small Multiples 0,Small Multiples 0,NA,0,0,0
51.72223,13,0,BIM,Flat,1,PreTask,0,0,Small Multiples 0,Small Multiples 0,NA,0,0,0
51.76667,13,0,BIM,Flat,1,PreTask,0,0,Small Multiples 0,Small Multiples 0,NA,0,0,0
51.82223,13,0,BIM,Flat,1,PreTask,0,0,Small Multiples 0,Small Multiples 0,NA,0,0,0
51.87778,13,0,BIM,Flat,1,PreTask,0,0,Small Multiples 0,Small Multiples 0,NA,0,0,0
51.92223,13,0,BIM,Flat,1,PreTask,0,0,Small Multiples 0,Small Multiples 0,NA,0,0,0
51.97778,13,0,BIM,Flat,1,PreTask,0,0,Small Multiples 0,Small Multiples 0,NA,0,0,0
52.02223,13,0,BIM,Flat,1,PreTask,0,0,Small Multiples 0,Small Multiples 0,NA,0,0,0
52.07779,13,0,BIM,Flat,1,PreTask,0,0,Small Multiples 0,Small Multiples 0,NA,0,0,0
52.13334,13,0,BIM,Flat,1,PreTask,0,0,Small Multiples 0,Small Multiples 0,NA,0,0,0
52.17778,13,0,BIM,Flat,1,PreTask,0,0,Small Multiples 0,Small Multiples 0,NA,0,0,0
52.23334,13,0,BIM,Flat,1,PreTask,0,0,Small Multiples 0,Small Multiples 0,NA,0,0,0
52.28889,13,0,BIM,Flat,1,PreTask,0,0,Small Multiples 0,Small Multiples 0,NA,0,0,0
52.33334,13,0,BIM,Flat,1,PreTask,0,0,Small Multiples 0,Small Multiples 0,NA,0,0,0
52.3889,13,0,BIM,Flat,1,PreTask,0,0,Small Multiples 0,Small Multiples 0,NA,0,0,0
52.44445,13,0,BIM,Flat,1,PreTask,0,0,Small Multiples 0,Small Multiples 0,NA,0,0,0
52.4889,13,0,BIM,Flat,1,PreTask,0,0,Small Multiples 0,Small Multiples 0,NA,0,0,0
52.54445,13,0,BIM,Flat,1,PreTask,0,0,Small Multiples 0,Small Multiples 0,NA,0,0,0
52.60001,13,0,BIM,Flat,1,PreTask,0,0,Small Multiples 0,Small Multiples 0,NA,0,0,0
52.64445,13,0,BIM,Flat,1,PreTask,0,0,Small Multiples 0,Small Multiples 0,NA,0,0,0
52.70001,13,0,BIM,Flat,1,PreTask,0,0,Small Multiples 0,Small Multiples 0,NA,0,0,0
52.74445,13,0,BIM,Flat,1,PreTask,0,0,Small Multiples 0,Small Multiples 0,NA,0,0,0
52.80001,13,0,BIM,Flat,1,PreTask,0,0,Small Multiples 0,Small Multiples 0,NA,0,0,0
52.85556,13,0,BIM,Flat,1,PreTask,0,0,Small Multiples 0,Small Multiples 0,NA,0,0,0
52.90001,13,0,BIM,Flat,1,PreTask,0,0,Small Multiples 0,Small Multiples 0,NA,0,0,0
52.95556,13,0,BIM,Flat,1,PreTask,0,0,Small Multiples 0,Small Multiples 0,NA,0,0,0
53.01112,13,0,BIM,Flat,1,PreTask,0,0,Small Multiples 0,Small Multiples 0,NA,0,0,0
53.05556,13,0,BIM,Flat,1,PreTask,0,0,Small Multiples 0,Small Multiples 0,NA,0,0,0
53.11112,13,0,BIM,Flat,1,PreTask,0,0,Small Multiples 0,Small Multiples 0,NA,0,0,0
53.16667,13,0,BIM,Flat,1,PreTask,0,0,Small Multiples 0,Small Multiples 0,NA,0,0,0
53.22223,13,0,BIM,Flat,1,PreTask,0,0,Small Multiples 0,Small Multiples 0,NA,0,0,0
53.26667,13,0,BIM,Flat,1,PreTask,0,0,Small Multiples 0,Small Multiples 0,NA,0,0,0
53.32223,13,0,BIM,Flat,1,PreTask,0,0,Small Multiples 0,Small Multiples 0,NA,0,0,0
53.37778,13,0,BIM,Flat,1,PreTask,0,0,Small Multiples 0,Small Multiples 0,NA,0,0,0
53.43334,13,0,BIM,Flat,1,PreTask,0,0,Small Multiples 0,Small Multiples 0,NA,0,0,0
53.4889,13,0,BIM,Flat,1,PreTask,0,0,Small Multiples 0,Small Multiples 0,NA,0,0,0
53.54445,13,0,BIM,Flat,1,PreTask,0,0,Small Multiples 0,Small Multiples 0,NA,0,0,0
53.5889,13,0,BIM,Flat,1,PreTask,0,0,Small Multiples 0,Small Multiples 0,NA,0,0,0
53.64445,13,0,BIM,Flat,1,PreTask,0,0,Small Multiples 0,Small Multiples 0,NA,0,0,0
53.6889,13,0,BIM,Flat,1,PreTask,0,0,Small Multiples 0,Small Multiples 0,NA,0,0,0
53.74445,13,0,BIM,Flat,1,PreTask,0,0,Small Multiples 0,Small Multiples 0,NA,0,0,0
53.80001,13,0,BIM,Flat,1,PreTask,0,0,Small Multiples 0,Small Multiples 0,NA,0,0,0
53.85556,13,0,BIM,Flat,1,PreTask,0,0,Small Multiples 0,Small Multiples 0,NA,0,0,0
53.90001,13,0,BIM,Flat,1,PreTask,0,0,Small Multiples 0,Small Multiples 0,NA,0,0,0
53.95556,13,0,BIM,Flat,1,PreTask,0,0,Small Multiples 0,Small Multiples 0,NA,0,0,0
54.01112,13,0,BIM,Flat,1,PreTask,0,0,Small Multiples 0,Small Multiples 0,NA,0,0,0
54.34445,13,0,BIM,Flat,1,PreTask,0,0,Small Multiples 0,Small Multiples 0,NA,0,0,0
54.42223,13,0,BIM,Flat,1,PreTask,0,0,Small Multiples 0,Small Multiples 0,NA,0,0,0
54.4889,13,0,BIM,Flat,1,PreTask,0,0,Small Multiples 0,Small Multiples 0,NA,0,0,0
54.54445,13,0,BIM,Flat,1,PreTask,0,0,Small Multiples 0,Small Multiples 0,NA,0,0,0
54.60001,13,0,BIM,Flat,1,PreTask,0,0,Small Multiples 0,Small Multiples 0,NA,0,0,0
54.66667,13,0,BIM,Flat,1,PreTask,0,0,Small Multiples 0,Small Multiples 0,NA,0,0,0
54.72223,13,0,BIM,Flat,1,PreTask,0,0,Small Multiples 0,Small Multiples 0,NA,0,0,0
54.77779,13,0,BIM,Flat,1,PreTask,0,0,Small Multiples 0,Small Multiples 0,NA,0,0,0
54.84445,13,0,BIM,Flat,1,PreTask,0,0,Small Multiples 0,Small Multiples 0,NA,0,0,0
54.90001,13,0,BIM,Flat,1,PreTask,0,0,Small Multiples 0,Small Multiples 0,NA,0,0,0
55.15556,13,0,BIM,Flat,1,PreTask,0,0,Small Multiples 0,Small Multiples 0,NA,0,0,0
55.22223,13,0,BIM,Flat,1,PreTask,0,0,Small Multiples 0,Small Multiples 0,NA,0,0,0
55.27779,13,0,BIM,Flat,1,PreTask,0,0,Small Multiples 0,Small Multiples 0,NA,0,0,0
55.33334,13,0,BIM,Flat,1,PreTask,0,0,Small Multiples 0,Small Multiples 0,NA,0,0,0
55.40001,13,0,BIM,Flat,1,PreTask,0,0,Small Multiples 0,Small Multiples 0,NA,0,0,0
55.45556,13,0,BIM,Flat,1,PreTask,0,0,Small Multiples 0,Small Multiples 0,NA,0,0,0
55.51112,13,0,BIM,Flat,1,PreTask,0,0,Small Multiples 0,Small Multiples 0,NA,0,0,0
55.56667,13,0,BIM,Flat,1,PreTask,0,0,Small Multiples 0,Small Multiples 0,NA,0,0,0
55.63334,13,0,BIM,Flat,1,PreTask,0,0,Small Multiples 0,Small Multiples 0,NA,0,0,0
55.6889,13,0,BIM,Flat,1,PreTask,0,0,Small Multiples 0,Small Multiples 0,NA,0,0,0
55.74445,13,0,BIM,Flat,1,PreTask,0,0,Small Multiples 0,Small Multiples 0,NA,0,0,0
55.80001,13,0,BIM,Flat,1,PreTask,0,0,Small Multiples 0,Small Multiples 0,NA,0,0,0
55.85556,13,0,BIM,Flat,1,PreTask,0,0,Small Multiples 0,Small Multiples 0,NA,0,0,0
55.91112,13,0,BIM,Flat,1,PreTask,0,0,Small Multiples 0,Small Multiples 0,NA,0,0,0
55.96667,13,0,BIM,Flat,1,PreTask,0,0,Small Multiples 0,Small Multiples 0,NA,0,0,0
56.03334,13,0,BIM,Flat,1,PreTask,0,0,Small Multiples 0,Small Multiples 0,NA,0,0,0
56.0889,13,0,BIM,Flat,1,PreTask,0,0,Small Multiples 0,Small Multiples 0,NA,0,0,0
56.14445,13,0,BIM,Flat,1,PreTask,0,0,Small Multiples 0,Small Multiples 0,NA,0,0,0
56.20001,13,0,BIM,Flat,1,PreTask,0,0,Small Multiples 0,Small Multiples 0,NA,0,0,0
56.25556,13,0,BIM,Flat,1,PreTask,0,0,Small Multiples 0,Small Multiples 0,NA,0,0,0
56.31112,13,0,BIM,Flat,1,PreTask,0,0,Small Multiples 0,Small Multiples 0,NA,0,0,0
56.36667,13,0,BIM,Flat,1,PreTask,0,0,Small Multiples 0,Small Multiples 0,NA,0,0,0
56.42223,13,0,BIM,Flat,1,PreTask,0,0,Small Multiples 0,Small Multiples 0,NA,0,0,0
56.4889,13,0,BIM,Flat,1,PreTask,0,0,Small Multiples 0,Small Multiples 0,NA,0,0,0
56.54445,13,0,BIM,Flat,1,PreTask,0,0,Small Multiples 0,Small Multiples 0,NA,0,0,0
56.60001,13,0,BIM,Flat,1,PreTask,0,0,Small Multiples 0,Small Multiples 0,NA,0,0,0
56.65556,13,0,BIM,Flat,1,PreTask,0,0,Small Multiples 0,Small Multiples 0,NA,0,0,0
56.71112,13,0,BIM,Flat,1,PreTask,0,0,Small Multiples 0,Small Multiples 0,NA,0,0,0
56.76667,13,0,BIM,Flat,1,PreTask,0,0,Small Multiples 0,Small Multiples 0,NA,0,0,0
56.82223,13,0,BIM,Flat,1,PreTask,0,0,Small Multiples 0,Small Multiples 0,NA,0,0,0
56.8889,13,0,BIM,Flat,1,PreTask,0,0,Small Multiples 0,Small Multiples 0,NA,0,0,0
56.94445,13,0,BIM,Flat,1,PreTask,0,0,Small Multiples 0,Small Multiples 0,NA,0,0,0
57.00001,13,0,BIM,Flat,1,PreTask,0,0,Small Multiples 0,Small Multiples 0,NA,0,0,0
57.05556,13,0,BIM,Flat,1,PreTask,0,0,Small Multiples 0,Small Multiples 0,NA,0,0,0
57.11112,13,0,BIM,Flat,1,PreTask,0,0,Small Multiples 0,Small Multiples 0,NA,0,0,0
57.16667,13,0,BIM,Flat,1,PreTask,0,0,Small Multiples 0,Small Multiples 0,NA,0,0,0
57.22223,13,0,BIM,Flat,1,PreTask,0,0,Small Multiples 0,Small Multiples 0,NA,0,0,0
57.27779,13,0,BIM,Flat,1,PreTask,0,0,Small Multiples 0,Small Multiples 0,NA,0,0,0
57.34445,13,0,BIM,Flat,1,PreTask,0,0,Small Multiples 0,Small Multiples 0,NA,0,0,0
57.40001,13,0,BIM,Flat,1,PreTask,0,0,Small Multiples 0,Small Multiples 0,NA,0,0,0
57.45556,13,0,BIM,Flat,1,PreTask,0,0,Small Multiples 0,Small Multiples 0,NA,0,0,0
57.51112,13,0,BIM,Flat,1,PreTask,0,0,Small Multiples 0,Small Multiples 0,NA,0,0,0
57.56667,13,0,BIM,Flat,1,PreTask,0,0,Small Multiples 0,Small Multiples 0,NA,0,0,0
57.62223,13,0,BIM,Flat,1,PreTask,0,0,Small Multiples 0,Small Multiples 0,NA,0,0,0
57.6889,13,0,BIM,Flat,1,PreTask,0,0,Small Multiples 0,Small Multiples 0,NA,0,0,0
57.84445,13,0,BIM,Flat,1,PreTask,0,0,Small Multiples 0,Small Multiples 0,NA,0,0,0
57.94445,13,0,BIM,Flat,1,PreTask,0,0,Small Multiples 0,Small Multiples 0,NA,0,0,0
58.04445,13,0,BIM,Flat,1,PreTask,0,0,Small Multiples 0,Small Multiples 0,NA,0,0,0
58.13334,13,0,BIM,Flat,1,PreTask,0,0,Small Multiples 0,Small Multiples 0,NA,0,0,0
58.23334,13,0,BIM,Flat,1,PreTask,0,0,Small Multiples 0,Small Multiples 0,NA,0,0,0
58.32223,13,0,BIM,Flat,1,PreTask,0,0,Small Multiples 0,Small Multiples 0,NA,0,0,0
58.41112,13,0,BIM,Flat,1,PreTask,0,0,Small Multiples 0,Small Multiples 0,NA,0,0,0
58.51112,13,0,BIM,Flat,1,PreTask,0,0,Small Multiples 0,Small Multiples 0,NA,0,0,0
58.60001,13,0,BIM,Flat,1,PreTask,0,0,Small Multiples 0,Small Multiples 0,NA,0,0,0
58.70001,13,0,BIM,Flat,1,PreTask,0,0,Small Multiples 0,Small Multiples 0,NA,0,0,0
58.78889,13,0,BIM,Flat,1,PreTask,0,0,Small Multiples 0,Small Multiples 0,NA,0,0,0
58.87778,13,0,BIM,Flat,1,PreTask,0,0,Small Multiples 0,Small Multiples 0,NA,0,0,0
58.97778,13,0,BIM,Flat,1,PreTask,0,0,Small Multiples 0,Small Multiples 0,NA,0,0,0
59.06667,13,0,BIM,Flat,1,PreTask,0,0,Small Multiples 0,Small Multiples 0,NA,0,0,0
59.16667,13,0,BIM,Flat,1,PreTask,0,0,Small Multiples 0,Small Multiples 0,NA,0,0,0
59.25556,13,0,BIM,Flat,1,PreTask,0,0,Small Multiples 0,Small Multiples 0,NA,0,0,0
59.35556,13,0,BIM,Flat,1,PreTask,0,0,Small Multiples 0,Small Multiples 0,NA,0,0,0
59.44445,13,0,BIM,Flat,1,PreTask,0,0,Small Multiples 0,Small Multiples 0,NA,0,0,0
59.53334,13,0,BIM,Flat,1,PreTask,0,0,Small Multiples 0,Small Multiples 0,NA,0,0,0
59.63334,13,0,BIM,Flat,1,PreTask,0,0,Small Multiples 0,Small Multiples 0,NA,0,0,0
59.72223,13,0,BIM,Flat,1,PreTask,0,0,Small Multiples 0,Small Multiples 0,NA,0,0,0
59.82223,13,0,BIM,Flat,1,PreTask,0,0,Small Multiples 0,Small Multiples 0,NA,0,0,0
59.91112,13,0,BIM,Flat,1,PreTask,0,0,Small Multiples 0,Small Multiples 0,NA,0,0,0
60.00001,13,0,BIM,Flat,1,PreTask,0,0,Small Multiples 0,Small Multiples 0,NA,0,0,0
60.0889,13,0,BIM,Flat,1,PreTask,0,0,Small Multiples 0,Small Multiples 0,NA,0,0,0
60.17778,13,0,BIM,Flat,1,PreTask,0,0,Small Multiples 0,Small Multiples 0,NA,0,0,0
60.26667,13,0,BIM,Flat,1,PreTask,0,0,Small Multiples 0,Small Multiples 0,NA,0,0,0
60.36667,13,0,BIM,Flat,1,PreTask,0,0,Small Multiples 0,Small Multiples 0,NA,0,0,0
60.45556,13,0,BIM,Flat,1,PreTask,0,0,Small Multiples 0,Small Multiples 0,NA,0,0,0
60.5889,13,0,BIM,Flat,1,PreTask,0,0,Small Multiples 0,Small Multiples 0,NA,0,0,0
60.71112,13,0,BIM,Flat,1,PreTask,0,0,Small Multiples 0,Small Multiples 0,NA,0,0,0
60.85556,13,0,BIM,Flat,1,PreTask,0,0,Small Multiples 0,Small Multiples 0,NA,0,0,0
60.9889,13,0,BIM,Flat,1,PreTask,0,0,Small Multiples 0,Small Multiples 0,NA,0,0,0
61.0889,13,0,BIM,Flat,1,PreTask,0,0,Small Multiples 0,Small Multiples 0,NA,0,0,0
61.1889,13,0,BIM,Flat,1,PreTask,0,0,Small Multiples 0,Small Multiples 0,NA,0,0,0
61.27779,13,0,BIM,Flat,1,PreTask,0,0,Small Multiples 0,Small Multiples 0,NA,0,0,0
61.37778,13,0,BIM,Flat,1,PreTask,0,0,Small Multiples 0,Small Multiples 0,NA,0,0,0
